基盤研究開発部門,https://www.riken.jp/research/labs/r-ih/infrastruct_res_dev_div/index.html,,,,"  〒351-0198 埼玉県和光市広沢2-1情報基盤棟"
データ知識化開発ユニット,https://www.riken.jp/research/labs/r-ih/infrastruct_res_dev_div/data_knowl_org/index.html,情報学,"工学,化学,複合領域,総合理工,数物系科学,知能情報学,ウェブ情報学・サービス情報学,計算科学","オープンサイエンス,セマンティックウエブ,オントロジー,リンクト・オープン・データ,データ利活用基盤","〒351-0198 埼玉県和光市広沢2-1 情報基盤棟,Tel: 048-467-9323,Fax: 048-462-4634,Email: norio.kobayashi@riken.jp"
データ管理システム開発ユニット,https://www.riken.jp/research/labs/r-ih/infrastruct_res_dev_div/data_mange_sys/index.html,情報学,"工学,化学,総合理工,数物系科学,計算機システム,情報セキュリティ,マルチメディア・データベース","研究データ管理(RDM),オープンサイエンス,大規模データストレージ,ディペンダビリティ,標準化","〒351-0198 埼玉県和光市広沢2-1 情報基盤棟 ,Tel: 048-467-4971 ,Email: hideyuki.jitsumoto@riken.jp"
生命科学データ共有開発ユニット,https://www.riken.jp/research/labs/r-ih/infrastruct_res_dev_div/life_sci_data_share/index.html,情報学,"生命・健康・医療情報学,システムゲノム科学,マルチメディア・データベース,総合生物, 生物学,医歯薬学,農学","オープンサイエンス,データ統合,生命科学データ,生物データ科学,メタデータ","〒650-0047 兵庫県神戸市中央区港島南町2-2-3"
先端データサイエンスプロジェクト,https://www.riken.jp/research/labs/r-ih/adv_data_sci_proj/index.html,,,,"  〒230-0045 神奈川県横浜市鶴見区末広町1-7-22 東研究棟E216,Email: adsp-web@ml.riken.jp"
医療データ数理推論チーム,https://www.riken.jp/research/labs/r-ih/adv_data_sci_proj/med_data_math_res/index.html,総合生物,"情報学,複合領域,数物系科学,生物学,医歯薬学,情報学フロンティア,生物科学,基礎医学","生命動態,機械学習,システム生物学,バイオインフォマティクス","  〒230-0045 神奈川県横浜市鶴見区末広町1-7-22 西研究棟W507/509,Email: eiryo.kawakami@riken.jp  "
医療データ深層学習チーム,https://www.riken.jp/research/labs/r-ih/adv_data_sci_proj/med_data_deep_learn/index.html,複合領域,"情報学,総合生物,生物学,医歯薬学","深層学習,システムバイオロジー,システム医学","  〒103-0027 東京都中央区日本橋1-4-1 日本橋一丁目三井ビルディング15階 ,Tel: 03-6225-2246,Email: jun.seita@riken.jp  "
開放系総合信頼性チーム,https://www.riken.jp/research/labs/r-ih/adv_data_sci_proj/open_sys_dependable/index.html,工学,"情報学,複合領域,ソフトウェア,情報学基礎理論,社会システム工学・安全システム","開放系,総合信頼性,合意記述データベース,ライフサイクルプロセス,変化対応","  〒103-0027 東京都中央区日本橋1-4-1 日本橋一丁目三井ビルディング 15階,Email: yasuhiko.yokote@riken.jp  "
データサイエンスデザインチーム,https://www.riken.jp/research/labs/r-ih/adv_data_sci_proj/data_sci_des/index.html,複合領域,"情報学,総合人文社会,社会科学,デザイン学,統計科学,サービス情報学","サービスデザイン,データサイエンス,人間中心設計,インタラクション,社会課題解決","  〒351-0198 埼玉県和光市広沢2-1情報基盤棟212-3 ,Tel: 048-467-9732,Email: masayuki.ihara@riken.jp  "
ガーディアンロボットプロジェクト,https://www.riken.jp/research/labs/r-ih/guard_robo_proj/index.html,複合領域,"工学,情報学,総合人文社会,社会科学,総合理工,数物系科学,総合生物,知能ロボティクス,知覚情報処理,認知科学","ロボティクス,人工知能,脳科学,認知心理学,工学","  〒619-0288 京都府相楽郡精華町光台光台2-2-2（けいはんな学研都市）株式会社国際電気通信基礎技術研究所内3階,Tel: 0774-95-1360,Email: robotics-info@ml.riken.jp"
知識獲得・対話研究チーム,https://www.riken.jp/research/labs/r-ih/guard_robo_proj/knowl_acqui_dialogue/index.html,複合領域,"工学,情報学,総合理工,数物系科学,総合生物,生物学,医歯薬学,人間情報学 – 知能情報学,人間情報学 – 知覚情報処理,人間情報学 – 知能ロボティクス","音声対話システム,自然言語処理,マルチモーダル情報処理,自然言語理解,自然言語生成"," 〒619-0288 京都府相楽郡精華町光台光台2-2-2（けいはんな学研都市）株式会社国際電気通信基礎技術研究所内3階,Tel: 0774-95-1360,Email: koichiro.yoshino@riken.jp"
心理プロセス研究チーム,https://www.riken.jp/research/labs/r-ih/guard_robo_proj/psych_process/index.html,複合領域,"工学,情報学,総合人文社会,人文学,社会科学,総合理工,数物系科学,医歯薬学,実験心理学,基盤・社会脳科学,知能ロボティクス","感情,表情,社会的相互作用,ヒューマンロボットインタラクション,脳画像"," 〒619-0288 京都府相楽郡精華町光台光台2-2-2（けいはんな学研都市）株式会社国際電気通信基礎技術研究所内3階,Tel: 0774-95-1360,Email: wataru.sato.ya@riken.jp"
インタラクティブロボット研究チーム,https://www.riken.jp/research/labs/r-ih/guard_robo_proj/interact_robo/index.html,複合領域,"工学,情報学,総合理工,数物系科学,総合生物,生物学,医歯薬学,ヒューマンインタフェース・インタラクション,知能ロボティクス","ヒューマンロボットインタラクション,ヒューマノイドロボット,ロボット知能のアーキテクチャ,人とロボットの非言語コミュニケーション"," 〒619-0288 京都府相楽郡精華町光台光台2-2-2（けいはんな学研都市）株式会社国際電気通信基礎技術研究所内3階,Tel: 0774-95-1360,Email: takashi.minato@riken.jp"
感覚データ認識研究チーム,https://www.riken.jp/research/labs/r-ih/guard_robo_proj/multimodal_data_recognition/index.html,情報学,"工学,総合理工,知覚情報処理,知能情報学","人物属性認識,環境認識,コンピュータビジョン,マルチモーダル統合"," 〒619-0288 京都府相楽郡精華町光台光台2-2-2（けいはんな学研都市）株式会社国際電気通信基礎技術研究所内3階,Tel: 0774-95-1360,Email: yasutomo.kawanishi@riken.jp"
人間機械協調研究チーム,https://www.riken.jp/research/labs/r-ih/guard_robo_proj/man_machine_collab/index.html,複合領域,"工学,情報学,総合理工,知能ロボティクス,知能情報学,ヒューマンインタフェース・インタラクション","アシストロボティクス,運動制御,動作推定,機械学習,生体信号解析"," 〒619-0288 京都府相楽郡精華町光台光台2-2-2（けいはんな学研都市）株式会社国際電気通信基礎技術研究所内3階,Tel: 0774-95-1360,Email: jun.morimoto@riken.jp"
動作学習研究チーム,https://www.riken.jp/research/labs/r-ih/guard_robo_proj/behav_learn/index.html,複合領域,"工学,情報学,総合理工,知能ロボティクス,知能情報学,ソフトコンピューティング","強化学習,ヒューマンロボットインタラクション,コミュニケーションロボット,動作生成,内発的動機"," 〒619-0288 京都府相楽郡精華町光台光台2-2-2（けいはんな学研都市）株式会社国際電気通信基礎技術研究所内3階,Tel: 0774-95-1360,Email: yutaka.nakamura@riken.jp"
創薬・医療技術基盤プログラム,https://www.riken.jp/research/labs/dmp/,,,,"  〒230-0045 神奈川県横浜市鶴見区末広町1-7-22 西研究棟 W502,Email: pharma-support@riken.jp  "
予防医療・診断技術開発プログラム,https://www.riken.jp/research/labs/pmi/,生物学,医歯薬学,"大規模遺伝子解析,遺伝子発現解析,核酸検出法の開発,医学応用,遺伝子制御ネットワーク","   〒351-0198 埼玉県和光市広沢2-1 研究本館2階,Email: contact_pmi@riken.jp  "
バトンゾーン研究推進プログラム,https://www.riken.jp/research/labs/bzp/,,,,"  〒351-0198 埼玉県和光市広沢2-1 研究本館 553,Tel: 050-3500-5342,Email: bz-office@riken.jp  "
理研産業共創プログラム,https://www.riken.jp/research/labs/icop/,,,,"  〒351-0198 埼玉県和光市広沢2-1 研究本館 553,Email: bz-office@riken.jp  "
創薬ケミカルバンク基盤ユニット(CSRS),https://www.riken.jp/research/labs/dmp/chem_bank/index.html,医歯薬学,"情報学,総合生物","ケミカルバイオロジー,天然化合物バンク,化学生物情報学,化合物ライブラリー","  〒351-0198 埼玉県和光市広沢2番1号 ケミカルバイオロジー研究棟"
創薬シード化合物探索基盤ユニット(CSRS),https://www.riken.jp/research/labs/dmp/seed_compds/index.html,化学,生物学,"ケミカルバイオロジー,エピジェネティクス,作用機作,遺伝子発現制御,創薬スクリーニング","  〒351-0198 埼玉県和光市広沢2番1号"
創薬先端計算科学基盤ユニット(BDR),https://www.riken.jp/research/labs/dmp/drug_discov_mol_sim/index.html,情報学,医歯薬学,"計算創薬,計算化学,高性能計算,専用計算機,分子動力学計算","  〒565-0874 大阪府吹田市古江台6-2-4,Email: taiji@riken.jp  "
創薬抗体基盤ユニット(IMS),https://www.riken.jp/research/labs/dmp/drug_discov_antibody/index.html,,,,
創薬タンパク質解析基盤ユニット(BDR),https://www.riken.jp/research/labs/dmp/drug_discov_struct_biol/index.html,,,,
創薬化学基盤ユニット(CSRS),https://www.riken.jp/research/labs/dmp/drug_discov_chem/index.html,化学,医歯薬学,"新薬開発,創薬化学,体内動態最適化","  〒351-0198 埼玉県和光市広沢2-1 研究本館628号室"
創薬iPS細胞研究基盤ユニット(BRC),https://www.riken.jp/research/labs/dmp/ips_drug_discov/index.html,総合生物,生物学,"血液学,間葉系幹細胞","  〒305-0074 茨城県つくば市高野台3-1-1 細胞研究リソース棟 ,Tel: 029-836-9124 ,Fax: 029-836-9130,Email: yukio.nakamura@riken.jp  "
予防医療迅速診断システム開発ユニット(IMS),https://www.riken.jp/research/labs/pmi/nuc_acid_diagn_sys/index.html,総合生物,医歯薬学,"遺伝子診断,核酸増幅法,感染症検出技術,SNPジェノタイピング,体細胞変異検出","  〒230-0045 神奈川県横浜市鶴見区末広町1-7-22 ,Tel: 045-503-9222 ,Fax: 045-503-9216,Email: kawaji@gsc.riken.jp  "
"予防医療・ゲノミクス応用開発ユニット (IMS)",https://www.riken.jp/research/labs/pmi/prev_med_app_genom/index.html,複合領域,総合生物,"トランスクリプトーム,ゲノミクス,バイオインフォマティクス","   〒230-0045 神奈川県横浜市鶴見区末広町1-7-22 横浜キャンパス W420室 ,Tel: 045-503-9218 ,Fax: 045-503-9219,Email: kawaji@gsc.riken.jp  "
ガラス成形・光学シミュレーション研究チーム,https://www.riken.jp/research/labs/bzp/glass_mold_opt_sim/index.html,総合理工,"数物系科学,工学","数値シミュレーション,ガラス・液体・溶液,塑性加工・成形","   〒351-0198 埼玉県和光市広沢2-1 研究交流棟W414,Email: eiji.ishiyama@riken.jp  "
糖鎖ターゲティング研究チーム,https://www.riken.jp/research/labs/bzp/glycotarg/index.html,化学,生物学,"糖鎖クラスター,アスパラギン結合型糖タンパク質糖鎖（N-結合型糖鎖）,パターン認識,分子イメージング,診断と治療","   〒351-0198 埼玉県和光市広沢2-1 研究交流棟W201, 203, 205 ,Tel: 048-467-9146 ,Fax: 048-467-9378,Email: taiji.shimoda@riken.jp  "
ボクセル情報処理システム研究チーム,https://www.riken.jp/research/labs/bzp/voxel_eng/index.html,情報学,工学,"ボクセル,CTスキャン","   〒351-0198 埼玉県和光市広沢2-1 研究基盤技術棟 207室 ,Tel: 048-467-8053 ,Fax: 048-462-1553,Email: takeshi.matsubayashi@riken.jp  "
中赤外レーザー光源研究開発チーム,https://www.riken.jp/research/labs/bzp/midinfrared_laser_src/index.html,工学,"総合理工,化学","中赤外光,固体レーザー,波長変換,非線形光学,量子エレクトロニクス","  〒351-0198 埼玉県和光市広沢2-1工学実験棟,Email: shinichi.imai@riken.jp  "
微細藻類生産制御技術研究チーム,https://www.riken.jp/research/labs/bzp/microalgae_prod_ctrl_tech/index.html,農学,生物学,"微細藻類,バイオ燃料,大量培養,遺伝子発現解析","  〒230-0045 神奈川県横浜市鶴見区末広町1丁目7-22 東研究棟7階 ,Tel:045-503-9111 ,Fax:045-717-8396,Email: kengo.suzuki@riken.jp  "
水素エネルギーストレージ技術研究チーム,https://www.riken.jp/research/labs/bzp/hydrogen_ener_stge/index.html,工学,化学,"水素,高次構造材料,グラフィティック・カーボンナイトライド（g-C3N4）,2次元ポリマー,固体電解質","  〒351-0198 埼玉県和光市広沢2-1 研究本館 ,Tel：048-467-4058 ,Fax：048-467-9735,Email: naoki.uchiyama@riken.jp  "
人工ワクチン研究チーム,https://www.riken.jp/research/labs/bzp/vaccine_innov/index.html,生物学,"農学,医歯薬学","ワクチン,ウイルス,人獣共通感染症,大流行","  〒230-0045 神奈川県横浜市鶴見区末広町1-7-22"
衛星姿勢軌道制御用レーザー開発研究チーム,https://www.riken.jp/research/labs/bzp/sat_orbit_st_ctrl_laser/index.html,工学,,"宇宙,レーザー,宇宙ゴミ,アブレーション,推進","  〒351-0198 埼玉県和光市広沢2-1研究交流棟W416 ,Email: tadanori.fukushima@riken.jp"
バイオモノマー生産研究チーム,https://www.riken.jp/research/labs/bzp/biomonomer_prod/index.html,工学,"化学,生物学,生物機能・バイオプロセス","酵素工学,合成生物学,発酵生産,微生物,ブタジエン","  〒230-0045神奈川県横浜市鶴見区末広町1-6 ,Tel: 045-633-8007,Email: yoshihide.yachi@riken.jp  "
中村特別研究室,https://www.riken.jp/research/labs/bzp/nakamura/index.html,数物系科学,"複合領域,数物系科学,化学,工学,生物学,農学","量子化学,産業界に必要な実践的計算科学・分子科学,電極および電池材料,光機能材料の設計・触媒設計,推測統計学・Bayes統計・圏論","  〒351-0198 埼玉県和光市広沢2-1,Email: snakamura@riken.jp  "
横山特別研究室,https://www.riken.jp/research/labs/bzp/yokoyama/index.html,総合生物,"化学,生物学,医歯薬学","疾患関連膜タンパク質の構造・機能,膜タンパク質等の立体構造に基づく創薬,バイオ医薬開発,遺伝暗号拡張による人工アミノ酸の部位特異的導入,X線結晶構造解析","  〒230-0045 神奈川県横浜市鶴見区末広町1-7-22 西研究棟,Email: yokoyama@riken.jp  "
理研-JEOL連携センター,https://www.riken.jp/research/labs/bzp/cjcc/index.html,総合生物,総合理工,"固体NMR,クライオ電子顕微鏡,イメージング","  〒351-0198 埼玉県和光市広沢2-1 研究本館 553,Email: bz-office@riken.jp"
ナノ結晶解析連携ユニット,https://www.riken.jp/research/labs/bzp/cjcc/adv_solidstate_nmr/index.html,化学,総合理工,"固体NMR,電子回折,ナノ結晶学","   〒230-0045 神奈川県横浜市鶴見区末広町1-7-22 理研-JEOL連携センター W123,Email: yusuke.nishiyama@riken.jp  "
マルチモダル微細構造解析連携ユニット,https://www.riken.jp/research/labs/bzp/cjcc/multimodal_microstruct_anl/index.html,医歯薬学,総合生物,"イメージング,広域電子顕微鏡,オミックス,加齢,幹細胞","  〒650-0047 兵庫県神戸市中央区港島南町6-7-3 MI R&D ビル  ,Tel:078-304-7160 ,Fax:078-304-7161,Email: mayako.okamoto@riken.jp  "
次世代電子顕微鏡開発連携ユニット,https://www.riken.jp/research/labs/bzp/cjcc/adv_electron_microscope_dev/index.html,総合生物,"化学,生物学",次世代クライオ電子顕微鏡,"  〒679-5148 兵庫県佐用郡佐用町光都1-1-1,Email: yone@spring8.or.jp  "
東原子分子物理研究室,https://www.riken.jp/research/labs/chief/atom_mol_opt_phys/index.html,物理学,"化学,宇宙科学",,"   〒351-0198 埼玉県和光市広沢2-1,Email: toshiyuki-azuma@riken.jp  "
石橋極微デバイス工学研究室,https://www.riken.jp/research/labs/chief/adv_device/index.html,工学,"総合理工,数物系科学,ナノ・マイクロ科学,応用物理学","量子ナノデバイス,トポロジカル絶縁体/超伝導体ハイブリッド構造,カーボンナノチューブ,半導体ナノワイア,微小シリコントランジスタ","   〒351-0198 埼玉県和光市広沢2-1,Email: kishiba@riken.jp  "
伊藤ナノ医工学研究室,https://www.riken.jp/research/labs/chief/nano_med_eng/index.html,複合領域,"工学,生体材料科学,進化分子工学,高分子化学","人工臓器材料,バイオセンサー,再生医療用材料,バイオチップ,機能性高分子材料","   〒351-0198 埼玉県和光市広沢2-1,Email: y-ito@riken.jp  "
今本細胞核機能研究室,https://www.riken.jp/research/labs/chief/cell_dyn/index.html,生物学,"総合生物,細胞生物学,分子生物学,生化学","核ー細胞質間輸送,核膜孔複合体,インポーティン,細胞ストレス,分子シャペロン","   〒351-0198 埼玉県和光市広沢2-1,Email: nimamoto@riken.jp  "
岩崎RNAシステム生化学研究室,https://www.riken.jp/research/labs/chief/rna_sys_biochem/index.html,生物学,"総合生物,生物科学,ゲノム科学","翻訳,RNA,阻害剤","   〒351-0198 埼玉県和光市広沢2-1 生物科学研究棟 S205,Email: shintaro.iwasaki@riken.jp  "
岩崎中間子科学研究室,https://www.riken.jp/research/labs/chief/mes_sci/index.html,数物系科学,"総合理工,数物系科学","原子核物理学,ハドロン物理学,ミュオン科学","  〒351-0198 埼玉県和光市広沢2-1 研究本館 304 ,Tel:048-467-9352 ,Fax:048-462-4648,Email: advanced_meson@riken.jp  "
上野核分光研究室,https://www.riken.jp/research/labs/chief/nucl_spectro/index.html,数物系科学,総合理工,"実験核物理,加速器実験,ＲＩビーム,放射線計測,核スピン偏極","  〒351-0198 埼玉県和光市広沢2-1 仁科RIBF棟315号室,Email: ueno@riken.jp  "
Ulmer基本的対称性研究室,https://www.riken.jp/research/labs/chief/ulmer_unit/index.html,物理学,,,"   〒351-0198 埼玉県和光市広沢2-1,Email: stefan.ulmer@cern.ch  "
戎崎計算宇宙物理研究室,https://www.riken.jp/research/labs/chief/comput_astro/index.html,数物系科学,"情報学,総合理工,生物学,天体物理学,計算科学","超高エネルギー宇宙線,宇宙デブリ,高速科学技術計算,ブラックホール,惑星形成,生命の起源","  〒351-0198 埼玉県和光市広沢2-1,Email: cap-labinfo@riken.jp  "
延與放射線研究室,https://www.riken.jp/research/labs/chief/rad/index.html,数物系科学,,"ハドロン物理学,カイラル対称性,核子構造,クォークグルーオンプラズマ","〒351-0198 埼玉県和光市広沢2-1,Email: enyo@riken.jp"
大森素形材工学研究室,https://www.riken.jp/research/labs/chief/mater_fab/index.html,工学,"情報学,環境学,複合領域,総合理工,医歯薬学,生産工学,精密機械,超精密加工","鏡面加工,超精密加工,超微細加工","   〒351-0198 埼玉県和光市広沢2-1,Email: ohmori@mfl.ne.jp  "
小倉発生遺伝工学研究室,https://www.riken.jp/research/labs/chief/bioresour_eng/index.html,生物学,"農学,総合生物,医歯薬学,発生生物学,実験動物学,統合動物科学","発生エピジェネティクス,核移植,受精,ゲノム再プログラム化","〒305-0074 茨城県つくば市高野台3-1-1,Tel: 029-836-9165,Fax: 029-836-9172,Email: atsuo.ogura@riken.jp"
加藤ナノ量子フォトニクス研究室,https://www.riken.jp/research/labs/chief/nanosc_qtm_photon/index.html,総合理工,"数物系科学,化学,工学,ナノ構造物理,物性I,光工学・光量子科学","光物性,ナノ物理,デバイス物理,カーボンナノチューブ,フォトニック結晶","  〒351-0198 埼玉県和光市広沢2-1 研究本館420 ,Tel: 048-462-1449,Email: katogp-info@ml.riken.jp  "
香取量子計測研究室,https://www.riken.jp/research/labs/chief/qtm_metrol/index.html,工学,"総合理工,物理学(量子エレクトロニクス、原子分光),工学(量子エレクトロニクス、原子時計応用)","量子エレクトロニクス,原子時計,量子計測,光格子時計,相対論的測地学","   〒351-0198 埼玉県和光市広沢2-1,Email: hkatori@riken.jp  "
Kim表面界面科学研究室,https://www.riken.jp/research/labs/chief/surf_interf/index.html,化学,"総合理工,工学,表面科学,物理化学,凝縮系物理","表面,界面,走査プローブ顕微鏡,単分子分光,ナノテクノロジー","   〒351-0198 埼玉県和光市広沢2-1 物質科学研究棟S304 ,Tel: 048-467-4073 ,Fax: 048-467-1945,Email: ykim@riken.jp  "
倉谷形態進化研究室,https://www.riken.jp/research/labs/chief/evol_morphol/index.html,総合生物,"生物学,比較発生学,比較形態学,発生生物学","頭部,筋骨格系,神経系,脊椎動物,円口類","   〒650-0047　神戸市中央区港島南2-2-3 C棟５F,Email: shigeru,kuratani@riken.jp  "
齋藤高エネルギー原子核研究室,https://www.riken.jp/research/labs/chief/high_ener_nucl_phys/index.html,数物系科学,"総合理工,素粒子・原子核・宇宙線・宇宙物理,応用物理学一般","原子核物理学,ハドロン物理学,高エネルギー原子核反応,検出器開発","  〒351-0198 埼玉県和光市広沢2-1 レーザー研究棟1階112,Email: takehiko.saito@riken.jp  "
坂井星・惑星形成研究室,https://www.riken.jp/research/labs/chief/star_planet_form/index.html,数物系科学,"総合理工,化学,天文学,物理学,地球惑星科学","星形成,惑星系形成,電波天文学,星間化学,分子分光","   〒351-0198 埼玉県和光市広沢2-1 物質科学研究棟S407,Email: nami.sakai@riken.jp  "
佐甲細胞情報研究室,https://www.riken.jp/research/labs/chief/cell_inf/index.html,生物学,"複合領域,総合生物,生物物理学","細胞内情報伝達,バイオイメージング","   〒351-0198 埼玉県和光市広沢2-1,Email: sako-lab@riken.jp  "
眞貝細胞記憶研究室,https://www.riken.jp/research/labs/chief/cell_mem/index.html,生物学,"総合生物,分子生物学",エピジェネティクス,"   〒351-0198 埼玉県和光市広沢2-1 生物科学研究棟,Email: yshinkai@riken.jp  "
杉田理論分子科学研究室,https://www.riken.jp/research/labs/chief/theor_mol_sci/index.html,化学,"物理学,材料科学,生物学 & 生化学,コンピューター科学,学際研究",,"   〒351-0198 埼玉県和光市広沢2-1,Email: sugita@riken.jp  "
鈴木糖鎖代謝生化学研究室,https://www.riken.jp/research/labs/chief/glycometab_biochem/index.html,総合生物,"生物学,医歯薬学","糖タンパク質,アスパラギン結合型糖鎖,代謝,ペプチド：N-グリカナーゼ,NGLY1"," 〒351-0198 埼玉県和光市広沢2-1生物科学研究棟S405 ,Tel:048-467-9614,Email: tsuzuki_gm@riken.jp  "
関植物エピゲノム制御研究室,https://www.riken.jp/research/labs/chief/plant_epigen_reg/index.html,"化学
総合生物
農学
",生物学,"環境ストレス適応,エピゲノム制御,RNA制御,化学制御,有用キャッサバの分子育種","  〒230-0045 神奈川県横浜市鶴見区末広町1-7-22   横浜キャンパス東研究棟8F E818室   ,Tel: 045-503-9587   ,Fax: 045-503-9584   ,Email:  motoaki.seki@riken.jp"
袖岡有機合成化学研究室,https://www.riken.jp/research/labs/chief/synth_org_chem/index.html,化学,"総合生物,医歯薬学,有機合成化学,ケミカルバイオロジー","生物活性分子,触媒反応,含フッ素化合物","  〒351-0198 埼玉県和光市広沢2-1,Email: sodeoka@riken.jp  "
染谷薄膜素子研究室,https://www.riken.jp/research/labs/chief/thin_film_device/index.html,工学,"化学,電子工学","有機エレクトロニクス,フレキシブルエレクトロニクス","  〒351-0198 埼玉県和光市広沢2-1 研究交流棟W405,Email: takao.someya@riken.jp  "
多々良物性物理研究室,https://www.riken.jp/research/labs/chief/condens_matter_phys/index.html,数物系科学,総合理工,スピントロニクス,"  〒351-0198 埼玉県和光市広沢2-1 研究本館 ,Tel:048-467-9564 ,Fax:048-462-4668,Email: gen.tatara@riken.jp  "
田中生体機能合成化学研究室,https://www.riken.jp/research/labs/chief/biofunct_synth_chem/index.html,化学,"複合領域,総合生物,生物学,医歯薬学,生物分子化学,ケミカルバイオロジー,生体関連化学","分子イメージング,診断・治療,生理活性分子,糖鎖,生体内合成化学治療","   〒351-0198 埼玉県和光市広沢2-1 物質科学研究棟N508-1,Email: kotzenori@riken.jp  "
田中メタマテリアル研究室,https://www.riken.jp/research/labs/chief/metamaterials/index.html,工学,"総合理工,光工学・光量子科学,ナノ材料工学","メタマテリアル,ナノフォトニクス,プラズモニクス,応用光学","   〒351-0198 埼玉県和光市広沢2-1,Email: t-tanaka@riken.jp  "
田原分子分光研究室,https://www.riken.jp/research/labs/chief/mol_spectro/index.html,化学,"数物系科学,生物学,物理化学,薄膜・表面界面物性,生物物理","超高速分光,非線形分光,単分子分光,反応ダイナミクス,界面","   〒351-0198 埼玉県和光市広沢2-1物質科学研究棟S402,Email: tahei@riken.jp  "
富田数理気候学研究室,https://www.riken.jp/research/labs/chief/math_clim/index.html,数物系科学,"複合領域,地球惑星科学,気象・海洋物理・陸水学,地理学","大気乱気流に関連した雲の自己組織化と階層構造の理解,理想的な条件下における気候的多平衡解の探索,地域気候予測のための新しいダウンスケーリングシミュレーション法の開発","  〒650-0047 兵庫県神戸市中央区港島南町7-1-26 計算科学研究センター,Email: htomita@riken.jp  "
長瀧天体ビッグバン研究室,https://www.riken.jp/research/labs/chief/astro_big_bang/index.html,数物系科学,"情報学,理論宇宙物理学,宇宙線物理学,原子核宇宙論","超新星,ガンマ線バースト,ブラックホール,中性子星,宇宙線","   〒351-0198 埼玉県和光市広沢2-1 理化学研究所研究本館217号室,Email: shigehiro.nagataki@riken.jp  "
Nori理論量子物理研究室,https://www.riken.jp/research/labs/chief/theor_qtm_phys/index.html,数物系科学,"複合領域,総合理工,数物系科学,工学","理論凝縮系物理学,量子計算,人工原子,計算物理,複雑系","  埼玉県和光市広沢2-1 研究本館3階 325号室   ,Tel:048-467-9681 ,Fax:048-467-9650   ,Email: fnori@riken.jp"
平野染色体ダイナミクス研究室,https://www.riken.jp/research/labs/chief/chromosome_dyn/index.html,"生物学 & 生化学","分子生物 & 遺伝学",,"   〒351-0198 埼玉県和光市広沢2-1,Email: hiranot@riken.jp  "
平山量子光素子研究室,https://www.riken.jp/research/labs/chief/qtm_optodevice/index.html,工学,"総合理工,半導体,ヘテロ構造,光物性","深紫外LED,窒化物半導体,テラヘルツ量子素子カスケードレーザー,結晶成長,サブバンド間遷移","   〒351-0198 埼玉県和光市広沢2-1 研究交流棟 W514 ,Tel: 048-467-9387 ,Fax: 048-462-4647,Email: hirayama@riken.jp  "
古崎物性理論研究室,https://www.riken.jp/research/labs/chief/condens_matter_theor/index.html,数物系科学,"総合理工,物理学","物性理論,電気伝導,磁性,超伝導","   〒351-0198 埼玉県和光市広沢2-1 研究本館3階,Email: furusaki@riken.jp  "
侯有機金属化学研究室,https://www.riken.jp/research/labs/chief/organometal_chem/index.html,化学,"環境学,総合理工,医歯薬学,有機金属化学,有機合成化学,高分子化学","重合触媒,C-Ｈ結合の官能基化,窒素の活性化,二酸化炭素の有機合成への有効利用,不斉触媒","   〒351-0198 埼玉県和光市広沢2-1 物質科学研究棟,Email: houz@riken.jp  "
三好予測科学研究室,https://www.riken.jp/research/labs/chief/predict_sci/index.html,総合理工,"工学,情報学,環境学,複合領域,数物系科学,計算科学,情報学基礎,地球惑星科学","予測,最適制御,力学系,計算,データ同化","  〒650-0047 神戸市中央区港島南町7-1-26計算科学研究センター,Tel: 078-940-5810,Fax: 078-304-4961,Email: da-team-desk@ml.riken.jp"
Yoo生理遺伝学研究室,https://www.riken.jp/research/labs/chief/physiol_gen/index.html,生物学,"医歯薬学,癌,組織修復,臓器連関","癌,創傷修復,臓器間相互作用,キイロショウジョウバエ,ゼブラフィッシュ","  〒650-0047 兵庫県神戸市中央区 港島南町2-2-3 A棟 N404,Email: sakan.yoo@riken.jp  "
柚木計算物性物理研究室,https://www.riken.jp/research/labs/chief/computat_condens_matter_phys/index.html,物理学,材料科学,,"   〒351-0198 埼玉県和光市広沢2-1,Email: yunoki@riken.jp  "
渡邉分子生理学研究室,https://www.riken.jp/research/labs/chief/mol_physiol/index.html,生物学,"総合理工,生物物理学,ナノマイクロシステム","膜タンパク質,人工生体膜,人工細胞,バイオ分析チップ,デジタルバイオ計測","  〒351-0198 埼玉県和光市広沢2-1 生物科学研究棟S252,Email: rikiya.watanabe@riken.jp  "
肝がん予防研究ユニット,https://www.riken.jp/research/labs/chief/liver_cancer_prev/index.html,医歯薬学,生物学,"TGF-β LAP断片,次世代HBV創薬,非環式レチノイド（ペレチノイン）,核トランスグルタミナーゼ,肝線維化診断","〒351-0198 埼玉県和光市広沢2-1 研究本館 408号室,Email: LCPR-hisho@ml.riken.jp"
榎戸極限自然現象理研白眉研究チーム,https://www.riken.jp/research/labs/hakubi/e_extr_nat_phenom/index.html,数物系科学,"工学,環境学,複合領域,総合理工,素粒子・原子核・宇宙線・宇宙物理,天文学,環境影響評価","高エネルギー大気物理学,Ｘ線天文学,超小型衛星,中性子星,月面水資源探査","〒351-0198 埼玉県和光市広沢2-1理化学研究所 研究本館604号室,Tel: 048-467-4022,Fax: 048-467-4118,Email: teruaki.enoto@riken.jp"
川上浮揚電子量子情報理研白眉研究チーム,https://www.riken.jp/research/labs/hakubi/k_floatelectron_based_qtm_inf/index.html,工学,"総合理工,数物系科学,応用物理学 ,ナノ・マイクロ科学,電気電子工学","低温物理,量子コンピュータ,量子ビット,2次元電子系,ヘリウム","   ,Email: erika.kawakami@riken.jp"
新宅マイクロ流体工学理研白眉研究チーム,https://www.riken.jp/research/labs/hakubi/s_microfluid/index.html,工学,"総合理工,流体工学,ナノバイオサイエンス,ナノマイクロシステム","マイクロ流体,一細胞解析,界面動電現象,核酸,次世代シーケンシング","  〒351-0198 埼玉県和光市広沢2-1 研究本館6階,Email: hirofumi.shintaku@riken.jp  "
武石多感覚統合神経回路理研白眉研究チーム,https://www.riken.jp/research/labs/hakubi/t_neurcrt_multisens/index.html,総合生物,"生物学,神経生理学・神経科学一般,動物生理・行動,分子生物学","神経回路,行動解析,化学走行性,温度走行性,In vivoカルシウムイメージング","  埼玉県和光市広沢2-1,Email: asuka.takeishi@riken.jp  "
玉置認知睡眠学理研白眉研究チーム,https://www.riken.jp/research/labs/hakubi/t_cogn_somno/index.html,複合領域,"情報学,総合人文社会,人文学,社会科学,総合理工,総合生物,医歯薬学,実験心理学,基盤・社会脳科学,認知科学","睡眠,認知,学習,夢見","  〒351-0198 埼玉県和光市広沢2-1脳科学中央研究棟,Email: masako.tamaki@riken.jp  "
萩原生体模倣システム理研白眉研究チーム,https://www.riken.jp/research/labs/hakubi/h_hum_biomimetic/index.html,複合領域,"情報学,総合理工,数物系科学,化学,工学,総合生物,生物学,医歯薬学,生体医工学・生体材料学,ナノマイクロシステム,知能機械学・機械システム","体外組織形成,組織イメージング,臓器チップ,培養環境制御","  〒351-0198 埼玉県和光市広沢2-1 生物科学棟,Tel: 048-467-3630,Email: masaya.hagiwara@riken.jp"
濱崎非平衡量子統計力学理研白眉研究チーム,https://www.riken.jp/research/labs/hakubi/h_nonequil_qtm_stat_mech/index.html,数物系科学,"工学,情報学,総合理工,物理学,数理物理・物性基礎","非平衡科学,統計力学,量子ダイナミクス,情報理論,量子シミュレーション","〒351-0198 埼玉県和光市広沢2-1理化学研究所 研究本館623室,Email: ryusuke.hamazaki@riken.jp"
Parrishゲノム免疫生物学理研白眉研究チーム,https://www.riken.jp/research/labs/hakubi/p_genom_immunobiol/index.html,総合生物,"複合領域,生物学,医歯薬学,ゲノム生物学：ゲノム機能発現,免疫学：免疫記憶,ウイルス学：感染防御・制御","内在性ウイルス様配列,RNAサイレンシング,ゲノム工学,ウイルス免疫,レトロ転位","  〒230-0045 神奈川県横浜市鶴見区末広町1-7-22 生命医科学研究センター 東研究棟4階 E408 ,Tel: 045-503-9589 ,Fax: 045-503-9566,Email: nicholas.parrish@riken.jp  "
不完全情報学習チーム,https://www.riken.jp/research/labs/aip/generic_tech/imperfect_inf_learn/index.html,情報学,"知能情報学,知覚情報処理,統計科学","人工知能,機械学習,弱教師付き学習,強化学習,深層学習","  〒103-0027 東京都中央区日本橋1-4-1 日本橋一丁目三井ビルディング 15階"
構造的学習チーム,https://www.riken.jp/research/labs/aip/generic_tech/struct_learn/index.html,情報学,"工学,数物系科学,数理情報学,統計科学,知能情報学","機械学習,データ科学,事前情報を用いた学習,ダイナミクス,数理最適化","  〒819-0395 福岡県福岡市西区元岡744番地,Email: yoshinobu.kawahara@riken.jp"
テンソル学習チーム,https://www.riken.jp/research/labs/aip/generic_tech/tensor_learn/index.html,情報学,"工学,数物系科学,総合生物,知能情報学,知覚情報処理,生命・健康・医療情報学","人工知能,機械学習,深層学習,テンソルネットワーク,信号処理","  〒103-0027 東京都中央区日本橋1-4-1 日本橋一丁目三井ビルディング 15階,Tel: 03-6225-2539"
関数解析的学習ユニット,https://www.riken.jp/research/labs/aip/generic_tech/funct_anl_learn/index.html,情報学,"数物系科学,知能情報学,数理情報学,数学解析","再生核ヒルベルト空間,リーマン幾何学,情報幾何学,最適輸送,ガウス過程","   〒103-0027 東京都中央区日本橋1-4-1 日本橋一丁目三井ビルディング 15階 ,Tel: 03-6225-2482,Email: minh.haquang@riken.jp  "
高次元統計モデリングチーム,https://www.riken.jp/research/labs/aip/generic_tech/highdim_stat_model/index.html,コンピューター科学,,,"  〒103-0027 東京都中央区日本橋1-4-1 日本橋一丁目三井ビルディング 15階"
圧縮情報処理ユニット,https://www.riken.jp/research/labs/aip/generic_tech/succinct_inf_process/index.html,コンピューター科学,"生物学 & 生化学,薬学 & 毒物学",,"  〒103-0027 東京都中央区日本橋1-4-1 日本橋一丁目三井ビルディング 15階 ,Tel: 03-6225-2373"
深層学習理論チーム,https://www.riken.jp/research/labs/aip/generic_tech/deep_learn_theory/index.html,情報学,"数物系科学,情報学基礎/数理情報学,情報学基礎/統計科学","深層学習,統計的学習理論,機械学習,確率的最適化,数理統計","  東京都文京区本郷 7-3-1 東京大学大学院 情報理工学系研究科 数理情報学専攻,Email: taiji@mist.i.u-tokyo.ac.jp  "
計算論的学習理論チーム,https://www.riken.jp/research/labs/aip/generic_tech/comput_learn_theory/index.html,コンピューター科学,,,"  福岡県福岡市西区元岡744 九州大学 基幹教育院 自然科学理論系部門,Email: hatano@inf.kyushu-u.ac.jp  "
非凸学習理論チーム,https://www.riken.jp/research/labs/aip/generic_tech/nonconvex_learn_theory/index.html,情報学,"数物系科学,統計科学,応用数学","数理統計学,機械学習","  東京都目黒区大岡山2-12-1 W8-46 東京工業大学 情報理工学院 数理・計算科学系,Email: kanamori@c.titech.ac.jp  "
因果推論チーム,https://www.riken.jp/research/labs/aip/generic_tech/cause_infer/index.html,情報学,"工学,社会科学,統計科学",,"   〒522-8522 滋賀県彦根市馬場1丁目1-1 滋賀大学 データサイエンス棟,Email: shohei-shimizu@biwako.shiga-u.ac.jp  "
近似ベイズ推論チーム,https://www.riken.jp/research/labs/aip/generic_tech/approx_bayes_infer/index.html,コンピューター科学,,,"   〒103-0027 東京都中央区日本橋1-4-1 日本橋一丁目三井ビルディング 15階 "
連続最適化チーム,https://www.riken.jp/research/labs/aip/generic_tech/continuous_optimize/index.html,情報学,"総合理工,数理情報学","数理最適化,オペレーションズ・リサーチ","   〒113-8656 東京都文京区本郷7-3-1 工6-253 東京大学大学院 情報理工学系研究科 創造情報学専攻,Email: takeda@mist.i.u-tokyo.ac.jp  "
数理科学チーム,https://www.riken.jp/research/labs/aip/generic_tech/math_sci/index.html,数学,,,"  ,Email: kenichi.bannai@riken.jp  "
数理統計学チーム,https://www.riken.jp/research/labs/aip/generic_tech/math_stat/index.html,コンピューター科学,"分子生物 & 遺伝学,数学",,"   〒606-8501 京都市左京区吉田本町 京都大学大学院 情報学研究科,Email: shimo@i.kyoto-u.ac.jp  "
数理解析チーム,https://www.riken.jp/research/labs/aip/generic_tech/math_anl/index.html,数物系科学,"情報学,総合理工,幾何学,解析学基礎,数学基礎・応用数学","最適輸送理論,情報幾何学,凸最適化,位相的データ解析,多様体学習","  大阪大学大学院理学研究科数学専攻〒560-0043大阪府豊中市待兼山町1-1,Email: shin-ichi.ohta@riken.jp "
トポロジカルデータ解析チーム,https://www.riken.jp/research/labs/aip/generic_tech/topology_data_anl/index.html,数物系科学,"情報学,総合理工,生物学,数学基礎・応用数学","トポロジカデータ解析,パーシステントホモロジー","  〒103-0027 東京都中央区日本橋1-4-1 日本橋一丁目三井ビルディング 15階,Email: yasuaki.hiraoka@riken.jp  "
がん探索医療研究チーム,https://www.riken.jp/research/labs/aip/goalorient_tech/cancer_transl/index.html,"分子生物 & 遺伝学","生物学 & 生化学,免疫学,臨床医学,コンピューター科学",,"  東京都中央区築地5-1-1 新研究棟10階,Email: ryuji.hamamoto@riken.jp  "
iPS細胞連携医学的リスク回避チーム,https://www.riken.jp/research/labs/aip/goalorient_tech/med_risk_avoid_base_ips/index.html,臨床医学,"コンピューター科学,地球科学",,"  京都大学 iPS細胞研究所,Email: naonori.ueda@riken.jp  "
分子情報科学チーム,https://www.riken.jp/research/labs/aip/goalorient_tech/mol_inf/index.html,情報学,"複合領域,知能情報学","機械学習,マテリアルズインフォマティクス","   277-8561 千葉県柏市柏の葉5-1-5基盤棟CB02,Email: koji.tsuda@riken.jp  "
認知行動支援技術チーム,https://www.riken.jp/research/labs/aip/goalorient_tech/cogn_behav_assist_tech/index.html,工学,"臨床医学,神経科学 & 行動科学,コンピューター科学,心理学 & 精神医学,学際研究",,"  〒103-0027 東京都中央区日本橋1-4-1 日本橋一丁目三井ビルディング 15階,Email: mihoko.otake@riken.jp  "
防災科学チーム,https://www.riken.jp/research/labs/aip/goalorient_tech/disaster_resilience/index.html,コンピューター科学,地球科学,,"  株式会社国際電気通信基礎技術研究所（ATR）,Email: naonori.ueda@riken.jp  "
インフラ管理ロボット技術チーム,https://www.riken.jp/research/labs/aip/goalorient_tech/robo_infrastruct_mange/index.html,コンピューター科学,"工学,神経科学 & 行動科学,数学",,"  〒980-8579 宮城県仙台市青葉区荒巻字青葉6 東北大学工学部機械知能系2号館,Email: okatani@vision.is.tohoku.ac.jp  "
観光情報解析チーム,https://www.riken.jp/research/labs/aip/goalorient_tech/tourism_inf_anl/index.html,情報学,"工学,複合領域,社会科学,知能情報学,知覚情報処理,ヒューマンインタフェース・インタラクション","IoT-to-human技術,多言語音声・言語処理,対話制御と対話システム,ユービキタスコンピューティング,行動変容 誘導技術","  奈良県生駒市高山町8916-5 B711,Tel: 0743 72 5260,Fax: 0743 72 5269,Email: satoshi.nakamura.vr@riken.jp "
医用機械知能チーム,https://www.riken.jp/research/labs/aip/goalorient_tech/machine_intell_med_eng/index.html,コンピューター科学,工学,,"   〒113-8656 東京都文京区本郷7-3-1 工学部2号館 ,Tel: 03-5841-1650,Email: tatsuya.harada@riken.jp  "
データ駆動型生物医科学チーム,https://www.riken.jp/research/labs/aip/goalorient_tech/datadrive_biomed/index.html,コンピューター科学,"材料科学,生物学 & 生化学,分子生物 & 遺伝学,臨床医学,数学",,"   〒466-8555 愛知県名古屋市昭和区御器所町 名古屋工業大学 2号館4階420A室,Email: takeuchi.ichiro@nitech.ac.jp  "
計算脳ダイナミクスチーム,https://www.riken.jp/research/labs/aip/goalorient_tech/comput_brain_dyn/index.html,"神経科学 & 行動科学","コンピューター科学,数学",,"   京都府相楽郡精華町光台2-2-2,Email: okito.yamashita@riken.jp  "
脳情報統合解析チーム,https://www.riken.jp/research/labs/aip/goalorient_tech/inf_integr_neurosci/index.html,"神経科学 & 行動科学","工学,コンピューター科学",,"   京都府相楽郡精華町光台2-2-2,Email: motoaki.kawanabe@riken.jp  "
遺伝統計学チーム,https://www.riken.jp/research/labs/aip/goalorient_tech/stat_genet/index.html,総合生物,"農学,情報学,数物系科学,医歯薬学,人類遺伝学,疫学・予防医学,遺伝育種科学","ゲノムコホート,遺伝統計学,遺伝子×環境相互作用,機械学習","  ,Email: gen.tamiya@riken.jp  "
病理情報学チーム,https://www.riken.jp/research/labs/aip/goalorient_tech/pathol_inf/index.html,学際研究,"分子生物 & 遺伝学,臨床医学,コンピューター科学,数学",,"  〒103-0027 東京都中央区日本橋1-4-1 日本橋一丁目三井ビルディング 15階,Email: yoichiro.yamamoto@riken.jp  "
自然言語理解チーム,https://www.riken.jp/research/labs/aip/goalorient_tech/nat_lang_understand/index.html,情報学,"知能情報学,複合領域,社会科学","⾃然⾔語処理,知識と推論による理解,教育応⽤指向⾔語処理","   〒980-8579 仙台市青葉区荒巻字青葉6-6-05東北大学工学部電子情報システム・応物系1号館   ,Tel: 022-795-7091 ,Fax: 022-795-4285,Email: inui@ecei.tohoku.ac.jp  "
知識獲得チーム,https://www.riken.jp/research/labs/aip/goalorient_tech/knowl_acqui/index.html,情報学,"複合領域,知能情報学","自然言語処理,知識獲得,機械学習,情報抽出,情報検索","  東京都中央区日本橋1-4-1 日本橋一丁目三井ビルディング15階 ,Tel: 03-6225-2482 ,Fax: 03-3271-7202,Email: yuji.matsumoto@riken.jp  "
言語情報アクセス技術チーム,https://www.riken.jp/research/labs/aip/goalorient_tech/lang_inf_access_tech/index.html,コンピューター科学,,,"  〒103-0027 東京都中央区日本橋1-4-1 日本橋一丁目三井ビルディング 15階,Email: satoshi.sekine@riken.jp  "
空間情報学ユニット,https://www.riken.jp/research/labs/aip/goalorient_tech/geoinf/index.html,情報学,"工学,複合領域,知覚情報処理,知能情報学","画像処理,リモートセンシング,データ融合,機械学習","  〒103-0027 東京都中央区日本橋1-4-1 日本橋一丁目三井ビルディング 15階,Email: naoto.yokoya@riken.jp  "
音楽情報知能チーム,https://www.riken.jp/research/labs/aip/goalorient_tech/music_inf_intell/index.html,コンピューター科学,"工学,学際研究",,"  〒103-0027 東京都中央区日本橋1-4-1 日本橋一丁目三井ビルディング 15階 ,Tel: 03-6225-2373 ,Fax: 048-467-4128,Email: masatoshi.hamanaka@riken.jp "
音響情景理解チーム,https://www.riken.jp/research/labs/aip/goalorient_tech/sound_scene_understand/index.html,コンピューター科学,"工学,数学",,"  〒606-8501 京都市左京区吉田本町 総合研究7号館 412号室 ,Tel: 075-753-5386 ,Fax: 075-753-5977,Email: yoshii@kuis.kyoto-u.ac.jp "
人工知能倫理・社会チーム,https://www.riken.jp/research/labs/aip/ai_soc/ai_ethical_legal_soc_issues/index.html,総合人文社会,"人文学,社会科学,哲学・倫理学,教育学,科学社会学","オントロジー,感性哲学,科学哲学,ヒューマン・インターフェース,能力開発・教育政策","  ,Email: shoko.suzuki.ue@riken.jp  "
社会におけるAI利活用と法制度チーム,https://www.riken.jp/research/labs/aip/ai_soc/ai_utilize_legal_sys/index.html,"社会科学 一般",工学,,"  〒103-0027 東京都中央区日本橋1-4-1 日本橋一丁目三井ビルディング 15階,Email: hiroshi.nakagawa@riken.jp"
科学技術と社会チーム,https://www.riken.jp/research/labs/aip/ai_soc/sci_tech_soc/index.html,学際研究,"社会科学 一般,環境 & エコロジー(生態)",,"  113-0033 東京都文京区本郷7-3-1 東京大学大学院情報学環,Email: otoiawase206@sakuralab.jp  "
分散型ビッグデータチーム,https://www.riken.jp/research/labs/aip/ai_soc/decentralize_bigdata/index.html,コンピューター科学,"臨床医学,神経科学 & 行動科学,社会科学 一般,経済 & 経営学",,"  〒103-0027 東京都中央区日本橋1-4-1 日本橋一丁目三井ビルディング 15階,Email: koiti.hasida@riken.jp  "
経済経営情報融合分析チーム,https://www.riken.jp/research/labs/aip/ai_soc/bus_econ_inf_fusion_anl/index.html,"経済 & 経営学","神経科学 & 行動科学,コンピューター科学,数学,社会科学 一般",,"  〒108-8345 東京都港区三田2-15-45 慶應義塾大学   経済学部   ,Email: bayesian@jasmine.ocn.ne.jp"
人工知能セキュリティ・プライバシーチーム,https://www.riken.jp/research/labs/aip/ai_soc/ai_sec_privacy/index.html,情報学,"工学,総合人文社会,知能情報学,情報セキュリティ","機械学習,セキュリティ,プライバシー,公平性","  茨城県つくば市天王台1-1-1  筑波大学 総合研究棟B 1006,Email: jun@cs.tsukuba.ac.jp  "
人工知能安全性・信頼性ユニット,https://www.riken.jp/research/labs/aip/ai_soc/ai_saf_rely/index.html,工学,"コンピューター科学,人文学,社会科学",,"  東京都中央区日本橋1-4-1 日本橋一丁目三井ビルディング 15階,Email: hiromi.arai@riken.jp  "
計算支援運用ユニット,https://www.riken.jp/research/labs/aip/comput_support_op/index.html,情報学,"計算基盤 – 計算機システム,計算基盤 – 高性能計算","スーパーコンピュータ,並列計算機システム,人工知能","  ,Email: masashi.sugiyama@riken.jp  "
トランスクリプトーム研究チーム,https://www.riken.jp/research/labs/ims/transcript_tech/index.html,総合生物,生物学,"CAGE法,RNA,シングルセル,バイオインフォルマティクス,ゲノミクス","  〒230-0045 神奈川県横浜市鶴見区末広町1-7-22,Email: carninci@riken.jp  "
細胞機能変換技術研究チーム,https://www.riken.jp/research/labs/ims/cell_funct_conv/index.html,"生物学 & 生化学","分子生物 & 遺伝学",,"   〒230-0045 神奈川県横浜市鶴見区末広町1-7-22,Email: Harukazu@gsc.riken.jp  "
ゲノム情報解析チーム,https://www.riken.jp/research/labs/ims/genom_inf/index.html,総合生物,生物学,"CAGE法,RNA,シングルセル,バイオインフォルマティクス,ゲノミクス","  〒230-0045 神奈川県横浜市鶴見区末広町1-7-22"
応用計算ゲノミクス研究チーム,https://www.riken.jp/research/labs/ims/genom_algo/index.html,総合生物,生物学,ノンコーディングRNA,"   〒230-0045 神奈川県横浜市鶴見区末広町1-7-22,Email: michiel.dehoon@riken.jp  "
一細胞解析技術研究チーム,https://www.riken.jp/research/labs/ims/genom_mini/index.html,総合生物,,"トランスクリプトーム,単一細胞,オープンソース","  〒230-0045 神奈川県横浜市鶴見区末広町1-7-22,Email: carninci@riken.jp  "
生命医科学大容量データ技術研究チーム,https://www.riken.jp/research/labs/ims/large_scale_data/index.html,総合生物,"情報学,生物学,医歯薬学","生命情報科学,データベース,データ工学,ゲノミクス / トランスクリプトミクス,統計学","  〒230-0045 神奈川県横浜市鶴見区末広町1-7-22"
遺伝子制御回路研究チーム,https://www.riken.jp/research/labs/ims/cell_conv/index.html,総合生物,生物学,"シングルセル解析（1細胞解析）,細胞の再プログラミング","  〒230-0045 神奈川県横浜市鶴見区末広町1-7-22,Email: jay.shin@riken.jp  "
エピゲノム技術研究チーム,https://www.riken.jp/research/labs/ims/cell_epigen/index.html,総合生物,生物学,"クロマチン,エピゲノム,技術開発","  〒230-0045 神奈川県横浜市鶴見区末広町1-7-22 ,Tel: 045-503-9309,Email: akiko.minoda@riken.jp  "
応用ゲノム解析技術研究チーム,https://www.riken.jp/research/labs/ims/genom_net_support/index.html,医歯薬学,"情報学,生物学","ミトコンドリア病,バイオインフォマティクス,遺伝病","  〒230-0045 神奈川県横浜市鶴見区末広町1-7-22 西研究棟 4F W403 ,Tel: 045-503-9237 ,Fax: 045-503-9216,Email: LSA-support@riken.jp  "
ゲノム制御ネットワーク研究チーム,https://www.riken.jp/research/labs/ims/mol_net_ctrl_genom/index.html,"分子生物 & 遺伝学","生物学 & 生化学,薬学 & 毒物学,臨床医学,コンピューター科学,学際研究",,"   〒230-0045 神奈川県横浜市鶴見区末広町1-7-22,Email: erik.arner@riken.jp  "
理研－IFOMがんゲノミクス連携研究チーム,https://www.riken.jp/research/labs/ims/riken-ifom/index.html,医歯薬学,"情報学,複合領域,生物学,ゲノム科学","ゲノミクス,エンハンサー,バイオインフォマティクス,ゲノム医学,RNA生物学","  神奈川県横浜市鶴見区末広町1-7-22 西研究棟W407 ,Tel: 045-503-8246 ,Fax: 045-503-9323,Email: yasuhiro.murakawa@riken.jp  "
基盤技術開発研究チーム,https://www.riken.jp/research/labs/ims/genotyping_dev/index.html,医歯薬学,農学,"ゲノム,多因子疾患,次世代シークエンサー,まれな遺伝子変異","  〒230-0045 神奈川県横浜市鶴見区末広町1-7-22 E309,Email: momozawa@riken.jp  "
ゲノム解析応用研究チーム,https://www.riken.jp/research/labs/ims/stat_transl_genet/index.html,医歯薬学,"生物学,人類遺伝学,遺伝・染色体動態,疫学・予防医学","遺伝学,トランスレーショナルリサーチ,応用遺伝学,統計遺伝学,機械学習・深層学習","  〒230-0045 神奈川県横浜市鶴見区末広町1-7-22 東棟3F ,Tel: 045-503-9553 ,Fax: 045-503-9113,Email: chikashi.terao@riken.jp  "
ファーマコゲノミクス研究チーム,https://www.riken.jp/research/labs/ims/pharmacogen/index.html,医歯薬学,,"ファーマコゲノミクス,ゲノムバイオマーカー,薬物応答性,副作用,生殖細胞系列遺伝子検査","  〒230-0045 神奈川県横浜市鶴見区末広町1-7-22 ,Tel: 045-503-9597 ,Fax: 045-503-9568,Email: mushiroda@riken.jp  "
国際ゲノム連携研究チーム,https://www.riken.jp/research/labs/ims/int_alliance_gen_res/index.html,医歯薬学,,"ファーマコゲノミクス,ゲノムバイオマーカー,薬物応答性,副作用,生殖細胞系列遺伝子検査","  〒230-0045 神奈川県横浜市鶴見区末広町1-7-22 ,Tel: 045-503-9597 ,Fax: 045-503-9568,Email: mushiroda@riken.jp  "
骨関節疾患研究チーム,https://www.riken.jp/research/labs/ims/bone_joint_dis/index.html,医歯薬学,総合生物,"骨関節疾患,ゲノム,相関解析,遺伝病,難病","   〒108-8639 東京都港区白金台4-6-1東大医科研ヒトゲノム解析センター2F,Email: sikegawa@ims.u-tokyo.ac.jp  "
糖尿病・代謝ゲノム疾患研究チーム,https://www.riken.jp/research/labs/ims/endocrinol_metab_kidney_dis/index.html,医歯薬学,,"ゲノム医科学,糖尿病,代謝,出生時発育","  〒230-0045 神奈川県横浜市鶴見区末広町1-7-22,Email: momoko.horikoshi@riken.jp  "
循環器ゲノミクス・インフォマティクス研究チーム,https://www.riken.jp/research/labs/ims/cardiovasc_dis/index.html,医歯薬学,"情報学,総合生物,生物学","心血管疾患,バイオインフォマティクス,オミックス,分子生物学","   〒230-0045 神奈川県横浜市鶴見区末広町1-7-22 東研究棟,Email: kaoru.ito@riken.jp  "
自己免疫疾患研究チーム,https://www.riken.jp/research/labs/ims/autoimmun_dis/index.html,医歯薬学,"複合領域,生物学","ゲノムワイド関連解析,ケノム機能学,発現量的形質遺伝子座,ヒト免疫学,自己免疫疾患","  〒230-0045 神奈川県横浜市鶴見区末広町1-7-22 E508,Email: kazuhiko.yamamoto@riken.jp  "
ヒト免疫遺伝研究チーム,https://www.riken.jp/research/labs/ims/respir_aller_dis/index.html,医歯薬学,"情報学,複合領域,総合生物,生物学","発現量的形質遺伝子座,ゲノム機能学,ヒト免疫学,自己免疫疾患","  〒230-0045 神奈川県横浜市鶴見区末広町1-7-22 ,Tel: 045-503-7072,Email: kazuyoshi.ishigaki@riken.jp  "
免疫シグナル研究チーム,https://www.riken.jp/research/labs/ims/cell_signal/index.html,医歯薬学,生物学,"T細胞,リンパ球活性化,免疫制御,免疫シナプス,自己免疫疾患","  〒230-0045 神奈川県横浜市鶴見区末広町1-7-22 ,Tel: 045-503-7037 ,Fax: 045-503-7036,Email: takashi.saito@riken.jp  "
分化制御研究チーム,https://www.riken.jp/research/labs/ims/lymph_diff/index.html,生物学,医歯薬学,"免疫寛容・自己免疫,リンパ球,免疫記憶,抗体","  〒230-0045 神奈川県横浜市鶴見区末広町1-7-22 ,Tel: 045-503-7019,Email: tomohiro.kurosaki@riken.jp  "
免疫転写制御研究チーム,https://www.riken.jp/research/labs/ims/transcript_reg/index.html,医歯薬学,"複合領域,生物学","免疫細胞分化,エピジェネティクス,転写因子,マウス遺伝学","   〒230-0045 神奈川県横浜市鶴見区末広町1-7-22 北研究棟 5F,Email: ichiro.taniuchi@riken.jp  "
免疫細胞システム研究チーム,https://www.riken.jp/research/labs/ims/immun_cell_sys/index.html,医歯薬学,"総合生物,生物学","免疫,アレルギー,感染症,ワクチン,炎症","  〒230-0045 神奈川県横浜市鶴見区末広町1-7-22 北棟6階 ,Tel: 045-503-9687 ,Fax: 045-503-9686,Email: shigeo.koyasu@riken.jp  "
自然免疫システム研究チーム,https://www.riken.jp/research/labs/ims/innate_immune_sys/index.html,医歯薬学,生物学,"2型自然リンパ球,アレルギー,寄生虫感染,2型免疫応答,FALC","   〒230-0045 神奈川県横浜市鶴見区末広町1-7-22 北棟6階 609/610 ,Tel: 045-503-9275 ,Fax: 045-503-9686 ,Email: kazuyo.moro@riken.jp "
免疫恒常性研究チーム,https://www.riken.jp/research/labs/ims/immun_homeost/index.html,医歯薬学,"生物学,医化学一般,免疫学,分子生物学","免疫系疾患,自己免疫,リンパ組織,T細胞（Tリンパ球）,胸腺上皮細胞","   〒230-0045 神奈川県横浜市鶴見区末広町1-7-22 ,Tel: 045-503-7069"
環境応答制御研究チーム,https://www.riken.jp/research/labs/ims/immun_crosstalk/index.html,生物学,医歯薬学,"免疫系,自己免疫,ワクチン,腫瘍免疫,炎症疾患","   〒230-0045 神奈川県横浜市鶴見区末広町1-7-22 北研究棟 5F ,Tel: 045-503-7045 ,Fax: 045-503-7043"
炎症制御研究チーム,https://www.riken.jp/research/labs/ims/inflamm_reg/index.html,医歯薬学,生物学,"炎症制御,自己免疫疾患,転写調節,ユビキチンリガーゼ,LIM蛋白ファミリー","  〒230-0045 神奈川県横浜市鶴見区末広町1-7-22 ,Tel: 045-503-9283 ,Fax: 045-503-7064,Email: takashi.tanaka@riken.jp  "
サイトカイン制御研究チーム,https://www.riken.jp/research/labs/ims/cytokine_reg/index.html,,,"サイトカイン,T細胞,抗体産生,ワクチン","  〒230-0045 神奈川県横浜市鶴見区末広町1-7-22 北棟 ,Tel: 045-503-7047 ,Fax: 045-503-7046,Email: masato.kubo@riken.jp  "
免疫器官形成研究チーム,https://www.riken.jp/research/labs/ims/dev_genet/index.html,生物学,医歯薬学,"エピジェネティクス,疾患モデル,iPS細胞","   〒230-0045 神奈川県横浜市鶴見区末広町1-7-22 北研究棟,Email: haruhiko.koseki@riken.jp  "
粘膜システム研究チーム,https://www.riken.jp/research/labs/ims/intest_ecosys/index.html,免疫学,"生物学 & 生化学,分子生物 & 遺伝学,微生物学","腸管上皮細胞,Ｍ細胞,宿主ー腸内細菌相互作用,腸管免疫系","  〒230-0045 神奈川県横浜市鶴見区末広町1-7-22 北棟3階N309Aa ,Tel: 045-503-7031,Email: hiroshi.ohno@riken.jp  "
統合ゲノミクス研究チーム,https://www.riken.jp/research/labs/ims/integr_genom/index.html,生物学,総合生物,ゲノム解析技術開発,"   〒230-0045 神奈川県横浜市鶴見区末広町1-7-22"
粘膜免疫研究チーム,https://www.riken.jp/research/labs/ims/mucos_immun/index.html,生物学,医歯薬学,"免疫グロブリンA（IgA）,腸内細菌叢,共生,恒常性","   〒230-0045 神奈川県横浜市鶴見区末広町1-7-22 ,Tel: 045-503-7029 ,Fax: 045-503-7068,Email: sidonia.fagarasan@riken.jp  "
消化管恒常性研究チーム,https://www.riken.jp/research/labs/ims/gut_homeost/index.html,医歯薬学,"総合生物,生物学","腸内フローラ,マイクロバイオータ,粘膜免疫","  〒230-0045 神奈川県横浜市鶴見区末広町1-7-22 北研究棟 4F ,Tel: 045-503-9682,Email: kenya.honda@riken.jp  "
皮膚恒常性研究チーム,https://www.riken.jp/research/labs/ims/cutaneous_immun/index.html,医歯薬学,生物学,"皮膚,表皮,角質層,アトピー性皮膚炎,バリア","   〒230-0045 神奈川県横浜市鶴見区末広町1-7-22,Email: masayuki.amagai@riken.jp  "
組織動態研究チーム,https://www.riken.jp/research/labs/ims/tissue_dyn/index.html,総合生物,"工学,生物学,医歯薬学","炎症,自己免疫疾患,蛍光イメージング,末梢神経系","   〒230-0045 神奈川県横浜市鶴見区末広町1-7-22,Email: takaharu.okada@riken.jp  "
統合細胞システム研究チーム,https://www.riken.jp/research/labs/ims/integr_cell_sys/index.html,総合生物,"情報学,複合領域,数物系科学,生物学,システムゲノム科学","代謝,システム生物学,トランスオミクス,反応速度論,数理モデル","  〒230-0045 神奈川県横浜市鶴見区末広町1-7-22 N407,Email: katsuyuki.yugi@riken.jp"
メタボローム研究チーム,https://www.riken.jp/research/labs/ims/metabolom/index.html,医歯薬学,"化学,総合生物,生物学","リピドミクス,生理活性脂質,炎症の制御,脂肪酸","   〒230-0045 神奈川県横浜市鶴見区末広町1-7-22 北研究棟 ,Tel: 045-503-7055 ,Fax: 045-503-7054,Email: makoto.arita@riken.jp  "
マイクロバイオーム研究チーム,https://www.riken.jp/research/labs/ims/microbiome_sci/index.html,総合生物,"情報学,総合生物,生物学,医歯薬学","マイクロバイオーム,メタゲノム,腸内細菌叢,常在菌,微生物ゲノム","  〒230-0045 神奈川県横浜市鶴見区末広町1-7-22 西研究棟 ,Tel: 045-503-9302 ,Fax: 045-503-9613"
代謝ネットワーク研究チーム,https://www.riken.jp/research/labs/ims/metab_net/index.html,医歯薬学,"複合領域,ケミカルバイオロジー,細胞生物学","ミトコンドリア,ハイスループットスクリーニング,代謝,システム生物学","  〒230-0045 神奈川県横浜市鶴見区末広町1-7-22 N606A,Email: toshimori.kitami@riken.jp  "
疾患遺伝研究チーム,https://www.riken.jp/research/labs/ims/immunogen/index.html,生物学,,"シグナル伝達,mRNA分解","  〒230-0045 神奈川県横浜市鶴見区末広町1-7-22 北研究棟 ４F ,Tel: 045-503-7009 ,Fax: 045-503-6454,Email: kazuhiko.yamamoto@riken.jp  "
医科学数理研究チーム,https://www.riken.jp/research/labs/ims/med_sci_math/index.html,医歯薬学,数物系科学,"疾患オミックス解析,ゲノム医療,プレシジョン医療,医科学数理","  〒230-0045 神奈川県横浜市鶴見区末広町1-7-22 北研究棟 ,Tel: 045-503-9556 ,Fax: 045-503-7003,Email: tatsuhiko.tsunoda@riken.jp  "
がんゲノム研究チーム,https://www.riken.jp/research/labs/ims/genome_seq_anl/index.html,医歯薬学,"情報学,総合生物,生物学","がんゲノム,ゲノム医療,次世代シークエンサー,がん免疫ゲノム","   〒230-0045 神奈川県横浜市鶴見区末広町1-7-22 東研究棟4F ,Tel: 045-503-9288 ,Fax: 045-503-9294,Email: hidewaki@riken.jp  "
免疫細胞治療研究チーム,https://www.riken.jp/research/labs/ims/immunother/index.html,医歯薬学,"総合生物,生物学","樹状細胞,自然免疫,獲得免疫,がんワクチン,NKT細胞","  〒230-0045 神奈川県横浜市鶴見区末広町1-7-22 ,Tel: 045-503-7062 ,Fax: 045-503-7061,Email: shin-ichiro.fujii@riken.jp  "
ヒト疾患モデル研究チーム,https://www.riken.jp/research/labs/ims/hum_dis_model/index.html,医歯薬学,総合生物,"造血幹細胞,白血病幹細胞,ヒト化マウス,ヒト免疫","  〒230-0045 神奈川県横浜市鶴見区末広町1-7-22 ,Tel: 045-503-9448 ,Fax: 045-503-7068,Email: fumihiko.ishikawa@riken.jp  "
ゲノム免疫生物学理研白眉研究チーム,https://www.riken.jp/research/labs/ims/genom_immunobiol_riken_hakubi/index.html,総合生物,"複合領域,生物学,医歯薬学,ゲノム生物学：ゲノム機能発現,免疫学：免疫記憶,ウイルス学：感染防御・制御","内在性ウイルス様配列,RNAサイレンシング,ゲノム工学,ウイルス免疫,レトロ転位","  〒230-0045 神奈川県横浜市鶴見区末広町1-7-22 生命医科学研究センター 東研究棟4階 E408 ,Tel: 045-503-9589 ,Fax: 045-503-9566,Email: nicholas.parrish@riken.jp  "
融合領域リーダー育成プログラム,https://www.riken.jp/research/labs/ims/young_chief_investigation_program/index.html,生物学,,"融合領域,若手研究者,育成プログラム","  〒230-0045 神奈川県横浜市鶴見区末広町1-7-22 北研究棟 6F ,Tel: 045-503-7001 ,Fax: 045-503-7003"
感染症研究ユニット,https://www.riken.jp/research/labs/ims/infect-dis/index.html,医歯薬学,"免疫学,ウイルス学","ワクチン,感染症治療,病態メカニズム,新型コロナウイルス感染症","  〒230-0045 神奈川県横浜市鶴見区末広町1-7-22 北研究棟   ,Email: haruhiko.koseki@riken.jp  "
創薬抗体基盤ユニット,https://www.riken.jp/research/labs/ims/drug_discov_antibody/index.html,医歯薬学,生物学,"免疫記憶,抗体医薬","   神奈川県横浜市鶴見区末広町1-7-22 北研究棟 ,Tel: 045-503-7005 ,Fax: 045-503-7010"
予防医療迅速診断システム開発ユニット,https://www.riken.jp/research/labs/ims/nuc_acid_diagn_sys/index.html,総合生物,医歯薬学,"遺伝子診断,核酸増幅法,感染症検出技術,SNPジェノタイピング,体細胞変異検出","  〒230-0045 神奈川県横浜市鶴見区末広町1-7-22 ,Tel: 045-503-9222 ,Fax: 045-503-9216,Email: kawaji@gsc.riken.jp  "
予防医療・ゲノミクス応用開発ユニット,https://www.riken.jp/research/labs/ims/prev_med_app_genom/index.html,複合領域,総合生物,"トランスクリプトーム,ゲノミクス,バイオインフォマティクス","   〒230-0045 神奈川県横浜市鶴見区末広町1-7-22 横浜キャンパス W420室 ,Tel: 045-503-9218 ,Fax: 045-503-9219,Email: kawaji@gsc.riken.jp  "
栄養応答研究チーム,https://www.riken.jp/research/labs/bdr/nutrio_bio/index.html,生物学,"農学,総合生物,医歯薬学,環境生理学,発生生物学,生物系薬学","栄養,寿命,腸内細菌,代謝,自然免疫","〒650-0047 神戸市中央区港島南町2-2-3栄養応答研究チーム A棟N70,Tel: 078-306-3368,Email: fumiaki.obata@riken.jp"
エピジェネティクス制御研究チーム,https://www.riken.jp/research/labs/bdr/epigen_drug_discov/index.html,医歯薬学,"化学,生物学","クロマチン,創薬,エピゲノム,遺伝子発現,ヌクレオソーム","  〒230-0045　神奈川県横浜市鶴見区末広町1-7-22-W221 ,Tel: 045-503-9457 ,Fax: 045-503-9201,Email: takashi.umehara@riken.jp  "
器官誘導研究チーム,https://www.riken.jp/research/labs/bdr/organ_regen/index.html,生物学,"複合領域,医歯薬学,生体医工学・生体材料学","再生医療,器官再生,幹細胞生物学,医療機器開発,ヘルスケア","  〒650-0047 兵庫県神戸市中央区 港島南町2-2-3 理研BDR 発生・再生研究棟C 6階,Email: tsujilab@ml.riken.jp "
機能性超高磁場マグネット技術研究ユニット,https://www.riken.jp/research/labs/bdr/funct_ultrahighfield_magn_tech/index.html,工学,"化学,生物学,医歯薬学","核磁気共鳴（NMR）,高温超伝導,超高磁場","  〒230-0045 神奈川県横浜市鶴見区末広町1-7-22 中央研究棟 ,Tel: 045-503-9477 ,Fax: 045-503-9446,Email: yoshinori.yanagisawa@riken.jp  "
計算分子設計研究チーム,https://www.riken.jp/research/labs/bdr/comput_mol_des/index.html,情報学,総合理工,"専用計算機,分子動力学計算,計算創薬,計算化学,高性能計算","  〒565-0874 大阪府吹田市古江台6-2-4,Email: taiji@riken.jp "
形態形成シグナル研究チーム,https://www.riken.jp/research/labs/bdr/morph_signal/index.html,生物学,総合生物,"形態形成,ショウジョウバエ,発生,バイオイメージング,バイオメカニクス","   〒650-0047 兵庫県神戸市中央区港島南町2-2-3 理研BDR 発生・再生研究棟A 5階,Email: shayashi@cdb.riken.jp  "
形態進化研究チーム,https://www.riken.jp/research/labs/bdr/evol_morphol/index.html,総合生物,"生物学,比較発生学,比較形態学,発生生物学","頭部,筋骨格系,神経系,脊椎動物,円口類","   〒650-0047 神戸市中央区港島南2-2-3 理研BDR 発生・再生研究棟C 5階,Email: shigeru.kuratani@riken.jp  "
血管形成研究チーム,https://www.riken.jp/research/labs/bdr/vasc_morphogen/index.html,生物学,総合生物,"血管形成,内皮細胞の動態,ゼブラフィッシュ","   〒650-0047 兵庫県神戸市中央区港島南町2-2-3 理研BDR 発生・再生研究棟C 2階,Email: likun.phng@riken.jp  "
健康・病態科学研究チーム,https://www.riken.jp/research/labs/bdr/pathophysiol_health_sci/index.html,"生物学 & 生化学","化学,材料科学,分子生物 & 遺伝学,免疫学,薬学 & 毒物学,臨床医学,農学,植物 & 動物学,微生物学,神経科学 & 行動科学,コンピューター科学,心理学 & 精神医学,社会科学 一般,環境 & エコロジー(生態),学際研究",,"  〒650-0047 兵庫県神戸市中央区港島南町6-7-3 ,Tel: 078-304-7101 ,Fax: 078-304-7112,Email: yywata@riken.jp  "
高機能生体分子開発チーム,https://www.riken.jp/research/labs/bdr/adv_biomol_eng/index.html,,,"タンパク質進化,タンパク質構造,機能性ペプチド","   〒230-0045 神奈川県横浜市鶴見区末広町 1-7-22 中央研究棟 5F C516号室 ,Tel: 045-503-9205 "
合成生物学研究チーム,https://www.riken.jp/research/labs/bdr/synth_biol/index.html,総合生物,"化学,生物学","システム生物学,合成生物学,時間生物学,睡眠,概日時計","  ,Email: uedah-tky@umin.ac.jp  "
構造NMR技術研究ユニット,https://www.riken.jp/research/labs/bdr/nmr_eng_struct_sci/index.html,化学,"工学,物理化学,計測工学,生物物理学","核磁気共鳴,光異性化,高温超電導,タンパク質フォールディング","  〒230-0045 神奈川県横浜市鶴見区末広町1-7-22 西NMR棟 ,Tel: 045-503-9262 ,Fax: 045-503-9441,Email: toshio.yamazaki@riken.jp  "
構造バイオインフォマティクス研究チーム,https://www.riken.jp/research/labs/bdr/struct_bioinf/index.html,学際研究,"物理学,化学,生物学 & 生化学,コンピューター科学",,"  〒230-0045 神奈川県横浜市鶴見区末広町1-7-22 ,Tel: 045-503-9560 ,Fax: 045-503-9559,Email: kamzhang@riken.jp  "
高速ゲノム変異マウス作製研究チーム,https://www.riken.jp/research/labs/bdr/mouse_genet_eng/index.html,生物学,,"ゲノム編集,アクティブトランスジェネシス,発生工学,分子進化,トランスジェニックマウス","  ,Email: kenta.sumiyama@riken.jp "
呼吸器形成研究チーム,https://www.riken.jp/research/labs/bdr/lung_dev/index.html,総合生物,生物学,"呼吸器,発生、再生,幹細胞,組織形態形成,内胚葉","  〒650-0047 兵庫県神戸市中央区港島南町2-2-3 理研BDR 発生・再生研究棟A 6階,Email: mmorimoto@cdb.riken.jp  "
個体パターニング研究チーム,https://www.riken.jp/research/labs/bdr/organism_pat/index.html,総合生物,医歯薬学,"左右非対称性,胚発生,繊毛,生殖細胞のエピジェネテイックス,生殖細胞の老化","  〒650-0047 兵庫県神戸市中央区港島南町2-2-3 理研BDR 発生・再生研究棟C 3階"
細胞外環境研究チーム,https://www.riken.jp/research/labs/bdr/tissue_microenv/index.html,生物学,医歯薬学,"皮膚の発生と再生,細胞外マトリックス,組織構築,幹細胞,毛包","  〒650-0047 兵庫県神戸市中央区港島南町2-2-3 理研BDR 発生・再生研究棟A 5階,Email: hfujiwara@cdb.riken.jp  "
細胞機能評価研究チーム,https://www.riken.jp/research/labs/bdr/cell_funct_img/index.html,医歯薬学,"総合生物,生物学","神経科学,疲労,神経炎症,老化,幹細胞","  〒650-0047 兵庫県神戸市中央区港島南町6-7-3,Email: kataokay@riken.jp  "
細胞極性統御研究チーム,https://www.riken.jp/research/labs/bdr/cell_polar_reg/index.html,,,"ライブイメージング,分子モーター,細胞骨格,超解像顕微鏡,一分子計測","  ,Email: y.okada@riken.jp  "
細胞構造生物学研究チーム,https://www.riken.jp/research/labs/bdr/biomol_struct_dyn/index.html,総合生物,化学,"細胞環境の構造生物学,安定同位体標識活用核磁気共鳴（NMR）,スパースモデリング,無細胞タンパク質合成,タンパク質工学","  〒230-0045 神奈川県横浜市鶴見区末広町1-7-22 ,Tel: 045-503-9203 ,Fax: 045-503-9643,Email: kigawa@riken.jp  "
細胞システム制御学研究チーム,https://www.riken.jp/research/labs/bdr/cell_sys_ctrl/index.html,総合生物,総合理工,"1細胞解析,1分子・超解像顕微鏡,ゲノム構造,セントラルドグマ,システムワイド解析","  〒565-0874 大阪府吹田市古江台6-2-3,Email: taniguchi@riken.jp  "
細胞システム動態予測研究チーム,https://www.riken.jp/research/labs/bdr/integr_omics/index.html,総合生物,"複合領域,総合理工,生物学","定量ジェノミクス,1細胞解析,デジタル計測,シークエンシング,バイオイメージング",
細胞シグナル動態研究チーム,https://www.riken.jp/research/labs/bdr/cell_signal_dyn/index.html,生物学,"数物系科学,医歯薬学","ナノバイオロジー,細胞内シグナル伝達,バイオイメージング,数理モデリング,光学顕微鏡開発","  ,Email: masahiroueda@riken.jp  "
細胞場構造研究チーム,https://www.riken.jp/research/labs/bdr/cell_field_struct/index.html,生物学,総合生物,"電子顕微鏡,3D微細構造解析,トモグラフィー","  〒739-0046 広島県東広島市鏡山3-10-23,Email: atsuko.iwane@riken.jp  "
集積バイオデバイス研究チーム,https://www.riken.jp/research/labs/bdr/integr_biodevice/index.html,工学,化学,"マイクロ・ナノ流体,分析化学,デバイス工学,微細加工,生体機能利用","  〒565-0871 大阪府吹田市山田丘1-3,Email: yo.tanaka@riken.jp  "
象徴概念発達研究チーム,https://www.riken.jp/research/labs/bdr/symbol_cogn_dev/index.html,総合生物,生物学,"社会性発達,霊長類進化,大脳生理,ニッチ構築,自己意識","  〒650-0047 兵庫県神戸市中央区港島南町6-7-3MI R&Dセンタービル ,Tel: 078-304-7122 ,Fax: 078-304-7123,Email: atsushi.iriki@riken.jp  "
上皮形態形成研究チーム,https://www.riken.jp/research/labs/bdr/epithel_morphogen/index.html,生物学,総合生物,"組織形成,細胞の形態変化","  〒650-0047 兵庫県神戸市中央区港島南町2-2-3 理研BDR 発生・再生研究棟A 5階,Email: ycwang@cdb.riken.jp  "
心臓再生研究チーム,https://www.riken.jp/research/labs/bdr/heart_regen/index.html,生物学,医歯薬学,"心筋再生,酸化ストレス,DNA損傷,細胞周期","   〒650-0047 兵庫県神戸市中央区港島南町2-2-3 理研BDR 発生・再生研究棟A 4階 "
制御分子設計研究チーム,https://www.riken.jp/research/labs/bdr/struct_mol_des/index.html,コンピューター科学,"化学,薬学 & 毒物学",,"  〒230-0045 神奈川県横浜市鶴見区末広町1-7-22 ,Tel: 045-503-9433 ,Fax: 045-503-9432,Email: honma@gsc.riken.jp  "
生体機能動態イメージング研究チーム,https://www.riken.jp/research/labs/bdr/mol_dyn_img/index.html,総合生物,"複合領域,生物学,医歯薬学","心と脳,疲労感,自律神経機能,小動物脳機能画像解析,痛み","  〒650-0047　兵庫県神戸市中央区港島南町6-7-3 神戸MI R&Dセンター ,Tel: 078-304-7172 ,Fax: 078-304-7191,Email: cuiyl@riken.jp  "
生体分子動的構造研究チーム,https://www.riken.jp/research/labs/bdr/dyn_struct_biomol/index.html,医歯薬学,"総合生物,生物学,物理系薬学,構造生物化学,生物物理学","核磁気共鳴法,生体分子,膜タンパク質,動的構造,構造平衡","   〒230-0045 神奈川県横浜市鶴見区末広町1-7-22 中央研究棟C520,Email: ichio.shimada@riken.jp"
生体モデル開発チーム,https://www.riken.jp/research/labs/bdr/anim_resour_dev/index.html,"分子生物 & 遺伝学","生物学 & 生化学,神経科学 & 行動科学",,"   〒650-0047 兵庫県神戸市中央区港島南町2-2-3 理研BDR 発生・再生研究棟B 1階,Email: hkiyo@cdb.riken.jp  "
染色体分配研究チーム,https://www.riken.jp/research/labs/bdr/chromo_segr/index.html,生物学,総合生物,"染色体,減数分裂,卵母細胞,卵子","   〒650-0047 兵庫県神戸市中央区港島南町2-2-3 理研BDR 発生・再生研究棟C 4階,Email: tomoya.kitajima@riken.jp  "
先端NMR開発・応用研究チーム,https://www.riken.jp/research/labs/bdr/adv_nmr_app_dev/index.html,総合理工,"工学,化学,数物系科学,総合生物,生物学,構造生物化学,高分子・繊維材料,応用有機化学","高磁場NMR,物理化学,構造生物学","  〒230-0045 神奈川県横浜市鶴見区末広町1-7-22 西NMR棟 N108   ,Email: yoshitaka.ishii@riken.jp  "
先端バイオイメージング研究チーム,https://www.riken.jp/research/labs/bdr/compr_bioimg/index.html,,,"定量計測,顕微鏡,蛍光蛋白質","  ,Email: tomowatanabe@riken.jp  "
体軸動態研究チーム,https://www.riken.jp/research/labs/bdr/axial_pat_dyn/index.html,生物学,"数物系科学,生物学","胚発生,濃度勾配,体液動態,パターン形成","  〒650-0047 兵庫県神戸市中央区港島南町2-2-3 理研BDR 発生・再生研究棟C 4階,Email: hideino@cdb.riken.jp  "
多階層生命動態研究チーム,https://www.riken.jp/research/labs/bdr/multisc_biosyst_dyn/index.html,,,"生物物理学,進化実験,計算機シミュレーション,理論生物学","  ,Email: chikara.furusawa@riken.jp  "
タンパク質機能・構造研究チーム,https://www.riken.jp/research/labs/bdr/prot_funct_struct_biol/index.html,総合生物,医歯薬学,"タンパク質調製,クライオ電子顕微鏡,X線結晶構造解析,創薬","  〒230-0045 神奈川県横浜市鶴見区末広町1-7-22 中央研究棟3F C316号室   ,Tel: 045-503-9202 ,Fax: 045-503-9264"
超微形態研究チーム,https://www.riken.jp/research/labs/bdr/ultrastruct/index.html,生物学,医歯薬学,"多細胞形態形成,細胞極性,メカノバイオロジー","   〒650-0047 兵庫県神戸市中央区港島南町2-2-3 ,Tel: 078-306-3105,Email: shigenobu.yonemura@riken.jp  "
超分子システム動態研究チーム,https://www.riken.jp/research/labs/bdr/supramol_syst_dyn_collab/index.html,,,,"  ,Email: keiichi@fbs.osaka-u.ac.jp  "
転写制御構造生物学研究チーム,https://www.riken.jp/research/labs/bdr/supramol_struct_biol/index.html,,生物学,"転写,RNAポリメラーゼ,ウイルス,クライオ電子顕微鏡,X線結晶構造解析","  〒230-0045 神奈川県横浜市鶴見区末広町1-7-22 ,Tel: 045-503-9257 ,Fax: 045-503-9201,Email: shunichi.sekine@riken.jp  "
動的恒常性研究チーム,https://www.riken.jp/research/labs/bdr/physiol_gen/index.html,生物学,"医歯薬学,癌,組織修復,臓器連関","癌,創傷修復,臓器間相互作用,キイロショウジョウバエ,ゼブラフィッシュ","   〒650-0047 兵庫県神戸市中央区港島南町2-2-3 理研BDR 発生・再生研究棟A 4階 N404,Email: sakan.yoo@riken.jp  "
ナノバイオプローブ研究チーム,https://www.riken.jp/research/labs/bdr/nanobio_probes/index.html,,,"ナノバイオ,プローブ合成,量子ドット,非侵襲イメージング,近赤外蛍光","  ,Email: tjin@riken.jp "
脳エピトランスクリプトミクス研究チーム,https://www.riken.jp/research/labs/bdr/neuroepitranscript/index.html,生物学,"神経科学,分子生物学,細胞生物学","RNA化学修飾,シナプス,転写後制御,翻訳制御,精神疾患",",Email: ohtan@riken.jp"
脳コネクトミクスイメージング研究チーム,https://www.riken.jp/research/labs/bdr/funct_arch_img/index.html,"神経科学 & 行動科学","工学,臨床医学,心理学 & 精神医学",,"  〒650-0047　兵庫県神戸市中央区港島南町6-7-3"
バイオインフォマティクス研究開発チーム,https://www.riken.jp/research/labs/bdr/singlecell_omics/index.html,情報学,総合生物,"バイオインフォマティクス,1細胞RNAシーケンス,エピゲノム,クラウドコンピューティング","  埼玉県和光市広沢2-1 情報基盤棟312 ,Tel: 048-467-9398 ,Fax: 048-462-4395,Email: itoshi.nikaido@riken.jp  "
バイオコンピューティング研究チーム,https://www.riken.jp/research/labs/bdr/biochem_sim/index.html,,,,"  ,Email: ktakahashi@riken.jp  "
発生エピジェネティクス研究チーム,https://www.riken.jp/research/labs/bdr/dev_epigen/index.html,生物学,総合生物,"三次元ゲノム構造,エピジェネティクス,DNA複製タイミング,染色体,ES細胞分化"," 〒650-0047 兵庫県神戸市中央区港島南町2-2-3 理研BDR 発生・再生研究棟A 6階 ,Email: hiratani@cdb.riken.jp "
発生幾何研究チーム,https://www.riken.jp/research/labs/bdr/dev_morphogeom/index.html,複合領域,"情報学,数物系科学,工学,生物学","理論生物学,発生生物学,数理モデリング,数値シミュレーション","   〒650-0047 兵庫県神戸市中央区港島南町2-2-3,Email: yoshihiro.morishita@riken.jp  "
発生動態研究チーム,https://www.riken.jp/research/labs/bdr/dev_dyn/index.html,総合生物,情報学,"データ駆動モデリング,コンピュータ・シミュレーション,バイオイメージ・インフォマティクス,線虫,データベース","  〒650-0047 兵庫県神戸市中央区港島南町2-2-3,Email: sonami@riken.jp  "
比較コネクトミクス研究チーム,https://www.riken.jp/research/labs/bdr/comparative_connectomics/index.html,総合生物,生物学,"神経回路,脳の性差,視床下部,ウイルス遺伝子工学","  〒650-0047 兵庫県神戸市中央区港島南町2-2-3 理研BDR 発生・再生研究棟C 5階,Email: Kazunari.Miyamichi@riken.jp  "
非対称細胞分裂研究チーム,https://www.riken.jp/research/labs/bdr/cell_asym/index.html,"生物学 & 生化学","神経科学 & 行動科学",,"   〒650-0047 兵庫県神戸市中央区港島南町2-2-3,Email: fumio@cdb.riken.jp  "
非天然型アミノ酸技術研究チーム,https://www.riken.jp/research/labs/bdr/nonnat_amin_acid/index.html,総合生物,医歯薬学,"新規アミノ酸,タンパク質工学,タンパク質生産,バイオ医薬,抗体","  〒230-0045　神奈川県横浜市鶴見区末広町1-7-22 西研究棟2F Ｗ223号室 ,Tel: 045-503-9459 ,Fax: 045-503-9458,Email: kensaku.sakamoto@riken.jp  "
ヒト器官形成研究チーム,https://www.riken.jp/research/labs/bdr/hum_organogen/index.html,生物学,医歯薬学,"腎臓発生,iPS細胞,幹細胞分化制御,腎臓オルガノイド,三次元組織形成","   〒650-0047 兵庫県神戸市中央区港島南町2-2-3 理研BDR 発生・再生研究棟A 3階,Email: minoru.takasato@riken.jp  "
標識化学研究チーム,https://www.riken.jp/research/labs/bdr/label_chem/index.html,化学,"工学,総合生物,医歯薬学","PETイメージング,高速化学反応,有機金属化学,PETプローブ合成,創薬候補化合物","  〒650-0047　兵庫県神戸市中央区港島南町6-7-3 ,Tel: 078-304-7130 ,Fax: 078-304-7131,Email: hisashi.doi@riken.jp  "
フィジカルバイオロジー研究チーム,https://www.riken.jp/research/labs/bdr/phys_biol/index.html,,,"極性形成,軸形成,走化性,細胞運動,集団運動","   〒650-0047 兵庫県神戸市中央区港島南町2-2-3,Email: tatsuo.shibata@riken.jp  "
分子機能シミュレーション研究チーム,https://www.riken.jp/research/labs/bdr/biomol_funct_sim/index.html,化学,"複合領域,数物系科学,総合生物","分子動力学,タンパク質ダイナミクス,自由エネルギー計算,拡張アンサンブル法,タンパク質—基質相互作用","  〒650-0047 兵庫県神戸市中央区港島南町6-7-1 融合連携イノベーション推進棟(IIB)7階,Email: sugita@riken.jp  "
分子細胞動態研究チーム,https://www.riken.jp/research/labs/bdr/cell_dyn_anl/index.html,"生物学 & 生化学","工学,分子生物 & 遺伝学",,"   〒650-0047 兵庫県神戸市中央区港島南町2-2-3,Email: yuko.kiyosue@riken.jp  "
分子送達・イメージング技術研究チーム,https://www.riken.jp/research/labs/bdr/mol_delv_img_tech/index.html,医歯薬学,総合生物,"ドラッグデリバリーシステム,陽電子放射断層撮影,治療用バクテリアマシン","  〒650-0047 兵庫県神戸市中央区港島南町6-7-3 ,Tel: 078-304-7173,Email: hmukai@riken.jp  "
分子配列比較解析チーム,https://www.riken.jp/research/labs/bdr/phyloinf/index.html,総合生物,"複合領域,生物学","ゲノム情報学,分子進化,生物多様性","   〒650-0047 兵庫県神戸市中央区港島南町2-2-3 理研BDR 発生・再生研究棟C 2階S204号室,Email: shigehiro.kuraku@riken.jp  "
分子標的化学研究チーム,https://www.riken.jp/research/labs/bdr/chem_biol/index.html,化学,医歯薬学,"工学,生物学 & 生化学,薬学 & 毒物学,臨床医学,神経科学 & 行動科学","   〒650-0047 兵庫県神戸市中央区港島南町6-7-3,Email: takamitsu.hosoya@riken.jp  "
翻訳構造解析研究チーム,https://www.riken.jp/research/labs/bdr/transl_struct_biol/index.html,総合生物,生物学,"X線結晶構造解析,NMR,電子顕微鏡,翻訳","  〒230-0045 神奈川県横浜市鶴見区末広町1-7-22 横浜事業所 西研究棟 ,Tel: 045-503-9204 ,Fax: 045-503-9460,Email: takuhiro.ito@riken.jp  "
無細胞タンパク質合成研究チーム,https://www.riken.jp/research/labs/bdr/cellfree_prot_synth/index.html,総合生物,生物学,"無細胞タンパク質合成,翻訳,リボソーム,tRNA","  〒565-0874 大阪府吹田市古江台6-2-3 ,Tel: 06-6872-1885 ,Fax: 06-6872-1885,Email: yshimizu@riken.jp  "
網膜再生医療研究開発プロジェクト,https://www.riken.jp/research/labs/bdr/retin_regen/index.html,生物学,医歯薬学,"網膜細胞移植,網膜色素変性の遺伝子診断,再生医療システム開発,網膜変性疾患の患者iPS細胞研究,能動的低代謝（冬眠・休眠）の研究","  〒650-0047 兵庫県神戸市中央区港島南町2-2-3 理研BDR 発生・再生研究棟D 5階"
老化分子生物学研究チーム,https://www.riken.jp/research/labs/bdr/mol_biol_age/index.html,生物学,"総合生物,医歯薬学","組織間コミュニケーションによる老化速度制御機構の解明,エピゲノム修飾による老化速度制御機構の解明,エピゲノム変化の次世代への継承機構の解明","   〒650-0047 兵庫県神戸市中央区港島南町2-2-3 神戸地区 発生・再生研究棟,Email: eisuke.nishida@riken.jp  "
創薬先端計算科学基盤ユニット,https://www.riken.jp/research/labs/bdr/drug_discov_mol_sim/index.html,情報学,医歯薬学,"計算創薬,計算化学,高性能計算,専用計算機,分子動力学計算","  〒565-0874 大阪府吹田市古江台6-2-4,Email: taiji@riken.jp  "
創薬タンパク質解析基盤ユニット,https://www.riken.jp/research/labs/bdr/drug_discov_struct_biol/index.html,総合生物,医歯薬学,"抗原調製,タンパク質調製,X線結晶構造解析,酵素活性測定,セルベース活性測定","  〒230-0045 神奈川県横浜市鶴見区末広町1-7-22 中央研究棟3F C316号室 ,Tel: 045-503-9202 ,Fax: 045-503-9264"
理研BDR-大塚製薬連携センター,https://www.riken.jp/research/labs/bdr/riken_otsuka/index.html,,,,"  〒650-0047 兵庫県神戸市中央区港島南町2-2-3 ,Tel: 078-306-0111 ,Fax: 078-306-0101,Email: cdb@cdb.riken.jp  "
理研BDR-ダイキン工業連携センター,https://www.riken.jp/research/labs/bdr/riken_daikin/index.html,,,,"  ,Email: clst_info@riken.jp  "
学習・記憶神経回路研究チーム,https://www.riken.jp/research/labs/cbs/neur_circ_learn_mem/index.html,,,"神経調節,神経信号,行動,記憶学習,情動","   〒351-0198 埼玉県和光市広沢2番1号,Email: joshua.johansen@riken.jp  "
親和性社会行動研究チーム,https://www.riken.jp/research/labs/cbs/affiliative_soc_behav/index.html,複合領域,"総合生物,生物学,医歯薬学","哺乳類の親子関係,愛着,子育て,親和性社会行動,内側視索前野","  〒351-0198 埼玉県和光市広沢2番1号 ,Email: oyako@brain.riken.jp"
言語発達研究チーム,https://www.riken.jp/research/labs/cbs/lang_dev/index.html,,,"言語心理学,発達心理学,乳幼児音声発達,言語獲得","   〒351-0198 埼玉県和光市広沢2番1号,Email: reiko.mazuka@riken.jp  "
意思決定回路動態研究チーム,https://www.riken.jp/research/labs/cbs/neur_circ_dyn_decision_making/index.html,複合領域,総合生物,"神経回路操作,意思決定,情動と恐怖,社会的闘争と階層,神経細胞イメージング","   〒351-0198 埼玉県和光市広沢2番1号,Email: hitoshi.okamoto@riken.jp  "
人間認知・学習研究チーム,https://www.riken.jp/research/labs/cbs/hum_cogn_learn/index.html,総合生物,"工学,情報学,総合人文社会,社会科学,数物系科学,基盤・社会脳科学,実験心理学,神経生理学・神経科学一般","知覚,認知,学習,脳イメージング,人工知能"," 〒351-0198 埼玉県和光市広沢2番1号 脳神経科学研究センター,Email: kazuhisa.shibata@riken.jp"
認知分散処理研究チーム,https://www.riken.jp/research/labs/cbs/distro_cogn_process/index.html,総合生物,"工学,化学,情報学,複合領域,総合理工,数物系科学,生物学,医歯薬学,総合生物、神経科学、神経生理学・神経科学一般,複合領域、人間医工学、生体医工学,社会科学、心理学、実験心理学","視床皮質ダイナミクス,作動記憶,光遺伝学,電気生理学,感覚系"," 〒351-0198 埼玉県和光市広沢2-1 脳科学中央研究棟,Email: Lukas.Schmitt@riken.jp"
思考・実行機能研究チーム,https://www.riken.jp/research/labs/cbs/img_exe_funct/index.html,総合生物,"情報学,総合人文社会,社会科学,生物学,神経生理学・神経科学一般,実験心理学,認知科学","意思決定,想像力,メタ認知,霊長類,脳機能イメージング","  〒351-0198 埼玉県和光市広沢2-1脳科学東研究棟 2階 203号室   ,Email: kentaro.miyamoto.wg@riken.jp"
時空間認知神経生理学研究チーム,https://www.riken.jp/research/labs/cbs/sys_neurophysiol/index.html,,,神経生理学,"  〒351-0198 埼玉県和光市広沢2-1,Email: shigeyoshi.fujisawa@riken.jp  "
シナプス可塑性・回路制御研究チーム,https://www.riken.jp/research/labs/cbs/synap_plast_connect/index.html,総合生物,,"シナプス細胞生物学,シナプス伝達・可塑性","   〒351-0198 埼玉県和光市広沢2番1号,Email: yukiko.goda@riken.jp "
神経細胞動態研究チーム,https://www.riken.jp/research/labs/cbs/neur_cell_dyn/index.html,総合生物,医歯薬学,"神経再生,軸索誘導","   〒351-0198 埼玉県和光市広沢2番1号,Email: hiroyuki.kamiguchi@riken.jp  "
知覚神経回路機構研究チーム,https://www.riken.jp/research/labs/cbs/circuit_mech_sens_percept/index.html,複合領域,総合生物,"感覚情報処理,デコーディング,神経回路,感覚運動変換","   〒351-0198 埼玉県和光市広沢2番1号,Email: hokto.kazama@riken.jp  "
神経回路・行動生理学研究チーム,https://www.riken.jp/research/labs/cbs/circ_behav_physiol/index.html,生物学,総合生物,"学習,海馬,電気生理学,遺伝学,記憶","   〒351-0198 埼玉県和光市広沢2番1号,Email: thomas.mchugh@riken.jp  "
神経細胞多様性研究チーム,https://www.riken.jp/research/labs/cbs/neurodiversity/index.html,生物学,,"神経発生/発達,遺伝学,神経機能,幹細胞","   〒351-0198 埼玉県和光市広沢2番1号,Email: adrian.moore@riken.jp "
脳発達分子メカニズム研究チーム,https://www.riken.jp/research/labs/cbs/mol_mech_brain_dev/index.html,,,"大脳皮質,視床","   〒351-0198 埼玉県和光市広沢2番1号,Email: tomomi.shimogori@riken.jp  "
システム分子行動学研究チーム,https://www.riken.jp/research/labs/cbs/sys_mol_etholo/index.html,総合生物,生物学,"嗅覚,神経回路,行動,意識,前障","   〒351-0198 埼玉県和光市広沢2番1号,Email: yoshihiro.yoshihara@riken.jp  "
神経幹細胞研究チーム,https://www.riken.jp/research/labs/cbs/neur_stem_cell_res/index.html,総合生物,"生物学,医歯薬学,神経生理学・神経科学一般,発生生物学","神経幹細胞,神経再生,成体脳神経新生","  〒351-0198 埼玉県和光市広沢2番1号 脳科学中央研究棟,Tel: 048-467-9701,Fax: 048-467-9683,Email: ryoichiro.kageyama@riken.jp"
視覚意思決定研究チーム,https://www.riken.jp/research/labs/cbs/neur_circ_behav/index.html,生物学,総合生物,"光遺伝学,再帰性ニューラルネットワーク,電気生理学,人工知能,意思決定","   〒351-0198 埼玉県和光市広沢2番1号 脳神経回路遺伝学研究棟101b ,Tel: 048-462-1111 ,Fax: 048-467-5221 ,Email: andrea.benucci@riken.jp  "
細胞機能探索技術研究チーム,https://www.riken.jp/research/labs/cbs/cell_funct_dyn/index.html,,,"バイオイメージング,蛍光タンパク質,発色団","   〒351-0198 埼玉県和光市広沢2番1号,Email: atsushi.miyawaki@riken.jp "
触知覚生理学研究チーム,https://www.riken.jp/research/labs/cbs/haptic_percept_cogn_physiol/index.html,複合領域,総合生物,"意識,知覚,マウス,新皮質,樹状突起","   〒351-0198 埼玉県和光市広沢2番1号,Email: masanori.murayama@riken.jp  "
学習理論・社会脳研究チーム,https://www.riken.jp/research/labs/cbs/integr_theor_neurosci/index.html,複合領域,"情報学,社会科学,総合理工,数物系科学,総合生物,医歯薬学","意思決定,学習理論・情報幾何,強化学習,社会知性,脳情報処理","   〒351-0198 埼玉県和光市広沢2番1号,Email: hiroyuki.nakahara@riken.jp  "
数理脳科学研究チーム,https://www.riken.jp/research/labs/cbs/neur_comput_adapt/index.html,情報学,"複合領域,工学,総合生物","計算神経科学,情報統計力学,神経学習理論","   〒351-0198 埼玉県和光市広沢2番1号,Email: toyoizumilab@ml.riken.jp "
神経老化制御研究チーム,https://www.riken.jp/research/labs/cbs/proteol_neurosci/index.html,総合生物,"生物学,医歯薬学","アルツハイマー病,アミロイド,タウ,神経炎症,神経変性","   〒351-0198 埼玉県和光市広沢2番1号,Email: saido@brain.riken.jp  "
タンパク質構造疾患研究チーム,https://www.riken.jp/research/labs/cbs/prot_conform_dis/index.html,総合生物,医歯薬学,"精神・神経変性疾患,タンパク質凝集,アミロイド,新生鎖の生物学","   〒351-0198 埼玉県和光市広沢2番1号  ,Email: motomasa.tanaka@riken.jp "
多階層精神疾患研究チーム,https://www.riken.jp/research/labs/cbs/multiscale_biol_psych/index.html,医歯薬学,"総合生物,生物学,神経科学,精神神経科学","精神疾患,シナプス,多階層,2光子励起イメージング","  〒351-0198 埼玉県和光市広沢2-1 脳神経科学研究センター,Email: akiko.hayashi-takagi@riken.jp  "
分子精神病理研究チーム,https://www.riken.jp/research/labs/cbs/mol_pathol_psyche_disord/index.html,医歯薬学,"総合生物,精神神経科学,人類遺伝学,ゲノム医科学","精神疾患,ゲノミクス,エピジェネティクス,遺伝統計,動物モデル","  〒351-0198 埼玉県和光市広沢2-1 脳科学中央研究棟,Email: atsushi.takata@riken.jp  "
グリア-神経回路動態研究チーム,https://www.riken.jp/research/labs/cbs/glia_neur_circ_dyn/index.html,総合生物,"複合領域,生物学,神経科学（神経生理学・神経科学一般、神経化学・神経薬理学）,動物生理・行動,分子生物学","適応行動,認知と情動,グリア細胞,細胞生理学,遺伝学","  〒351-0198 埼玉県和光市広沢2番1号 中央研究棟6階S602,Tel: 048-467-6896,Fax: 048-467-6899,Email: jun.nagai@riken.jp"
脳発達病態研究チーム,https://www.riken.jp/research/labs/cbs/brain_dev_disord/index.html,複合領域,"総合生物,医歯薬学,神経科学（神経生理学・神経科学一般）,動物生理・行動","脳発達,発達障害,シナプス,神経ネットワーク","  〒351-0198 埼玉県和光市広沢2-1中央研究棟4階N406,Email: aya.ishida@riken.jp"
マーモセット神経構造研究チーム,https://www.riken.jp/research/labs/cbs/marmoset_neur_arch/index.html,,,,"  〒351-0198 埼玉県和光市広沢2-1 脳科学総合研究センター東研究棟205号室,Email: hideyuki.okano@riken.jp  "
高次脳機能分子解析チーム,https://www.riken.jp/research/labs/cbs/mol_anl_high_brain_funct/index.html,,"複合領域,総合生物","脳,霊長類固有,精神神経疾患,神経回路,エピジェネティクス","  〒351-0198　埼玉県和光市広沢2-1 脳科学総合研究センター東研究棟,Email: tetsuo.yamamori@riken.jp  "
脳型知能理論研究ユニット,https://www.riken.jp/research/labs/cbs/brain_intell_theor/index.html,情報学,"総合理工,数物系科学,総合生物,情報学／人間情報学／知能情報学","学習理論,ベイズ推論,ニューラルネットワーク,計算神経科学,自由エネルギー原理","  〒351-0198 埼玉県和光市広沢2-1脳科学中央研究棟N204,Email: takuya.isomura@riken.jp"
統計数理研究ユニット,https://www.riken.jp/research/labs/cbs/stat_math/index.html,情報学,"総合理工,数物系科学,統計科学,数理情報学","統計学,応用数学,データ解析,機械学習"," ,Email: takeru.matsuda@riken.jp"
神経回路計算研究ユニット,https://www.riken.jp/research/labs/cbs/neur_circ_comput/index.html,総合理工,"情報学,複合領域,数物系科学,総合生物,医歯薬学,基盤・社会脳科学,計算科学,生物物理・化学物理・ソフトマターの物理","計算論的神経科学,認知科学,記憶と学習,ニューラルネットワーク","   〒351-0198 埼玉県和光市広沢2番1号 脳科学中央研究棟,Tel: 048-467-9274,Fax: 048-467-4969,Email: louis.kang@riken.jp"
多感覚統合神経回路理研白眉研究チーム,https://www.riken.jp/research/labs/cbs/neurcrt_multisens_hakubi/index.html,総合生物,"生物学,神経生理学・神経科学一般,動物生理・行動,分子生物学","神経回路,行動解析,化学走行性,温度走行性,In vivoカルシウムイメージング","  埼玉県和光市広沢2-1,Email: asuka.takeishi@riken.jp  "
認知睡眠学理研白眉研究チーム,https://www.riken.jp/research/labs/cbs/cogn_somno_riken_hakubi/index.html,複合領域,"情報学,複合領域,総合人文社会,人文学,社会科学,総合理工,総合生物,医歯薬学,実験心理学,基盤・社会脳科学,認知科学","睡眠,認知,学習,夢見","  〒351-0198 埼玉県和光市広沢2番1号 脳科学中央研究棟"
認知行動連携研究チーム,https://www.riken.jp/research/labs/cbs/cogn_behav/index.html,複合領域,"情報学,複合領域,総合人文社会,社会科学,総合生物,生物学","行動学,生物学,心理学,生態学,神経科学","   東京都目黒区駒場3-8-1 東京大学大学院総合文化研究科 ,Tel: 03-5454-6301 (東大駒場３号館) ,Fax: 03-5454-6725 (東大駒場３号館) "
脳機能動態学連携研究チーム,https://www.riken.jp/research/labs/cbs/brain_funct_dyn_collab/index.html,総合生物,"情報学,総合生物,生物学,医歯薬学,基盤・社会脳科学,神経生理学・神経科学一般","2光子イメージング,マーモセット,前頭葉,神経細胞","  〒351-0198 埼玉県和光市広沢2-1 CBS東棟 ,Tel: 048-467-5274 ,Fax: 048-467-6379,Email: masanori.matsuzaki@riken.jp  "
神経動態医科学連携研究チーム,https://www.riken.jp/research/labs/cbs/biomed_neur_dyn_collab/index.html,医歯薬学,"総合生物,脳神経外科学","脳動脈瘤,くも膜下出血,嚢状動脈瘤,紡錘状動脈瘤,体細胞変異","  〒351-0198 埼玉県和光市広沢2-1脳中央科学研究棟S701・702室 ,Tel: 048-467-9266 ,Fax:048-467-9267,Email: hirofumi.nakatom@riken.jp  "
神経変性疾患連携研究チーム,https://www.riken.jp/research/labs/cbs/neurodegener_dis_collab/index.html,医歯薬学,"総合生物,神経内科学,病態医化学,神経生理学・神経科学一般","パーキンソン病,神経変性疾患,神経炎症,バイオマーカー,機能性抗体","  〒351-0198 埼玉県和光市広沢2番1号 脳科学中央研究棟"
キャリア形成推進プログラム,https://www.riken.jp/research/labs/cbs/career_dev_prog/index.html,,,,"  〒351-0198 埼玉県和光市広沢2番1号 脳科学中央研究棟 thomas.mchugh@riken.jp"
神経情報基盤開発ユニット,https://www.riken.jp/research/labs/cbs/integr_comput_brainsci_collab/neuroinf/index.html,,,"ネットワークセキュリティー監督,脳科学への情報技術導入相談,ウェブサイトおよびデータベースアーカイブの維持管理,脳科学データベース関連技術開発,情報環境強化の方策検討","  〒351-0198 埼玉県和光市広沢2-1号,Email: tomomi.shimogori@riken.jp "
コネクトミクス開発ユニット,https://www.riken.jp/research/labs/cbs/integr_comput_brainsci_collab/connect_anl/index.html,情報学,"複合領域,総合理工,知能情報処理,コンピュータビジョン,ニューロインフォマティクス","コネクトミクス,人工知能,コンピュータビジョン,データベース構築,脳シミュレーション","  351-0198 埼玉県和光市広沢2-1 脳神経科学研究センター脳科学中央研究棟 2階N207 ,Tel:048-462-1111 ,Fax:048-467-6450,Email: cau-contact@ml.riken.jp  "
脳画像解析開発ユニット,https://www.riken.jp/research/labs/cbs/integr_comput_brainsci_collab/brain_img_anl/index.html,情報学,"総合理工,画像処理,深層学習,パターン認識,生命・健康・医療情報学,高性能計算,ソフトウェア","画像解析,深層学習,医用画像や生物画像等の処理,人工ニューラルネットワーク,機械学習","  〒351-0198 埼玉県和光市広沢2-1号 脳科学中央研究棟,Email: henrik.skibbe@riken.jp  "
研究基盤開発部門,https://www.riken.jp/research/labs/cbs/res_resour/index.html,医歯薬学,生物学,"動物モデル,分子遺伝学,オミックス解析,イメージング","   〒351-0198 埼玉県和光市広沢2番1号 "
動物資源開発支援ユニット,https://www.riken.jp/research/labs/cbs/res_resour/anim_resour_dev/index.html,総合生物,生物学,"実験動物学,実験動物医学","   〒351-0198 埼玉県和光市広沢2番1号yoshihiro.yoshihara@riken.jp  "
生体物質分析支援ユニット,https://www.riken.jp/research/labs/cbs/res_resour/biomater/index.html,総合生物,"複合領域,化学,生物学,医歯薬学","研究技術支援 (受託),研究機器管理 (共用実験施設),技術コンサルティング,機器展示開催,教育セミナー開催","  〒351-0198 埼玉県和光市広沢2番1号,Email: mataga@riken.jp  "
機能的磁気共鳴画像測定支援ユニット,https://www.riken.jp/research/labs/cbs/res_resour/funct_magn_reson_img/index.html,,,"機能的磁気共鳴画像法,非侵襲脳機能計測","   〒351-0198 埼玉県和光市広沢2番1号 "
理研CBS－オリンパス連携センター,https://www.riken.jp/research/labs/cbs/riken_olympus/index.html,,,"バイオイメージング,蛍光タンパク質,発色団","   〒351-0198 埼玉県和光市広沢2番1号,Email: boccqa@ml.riken.jp "
理研CBS－トヨタ連携センター,https://www.riken.jp/research/labs/cbs/riken_toyota/index.html,,,,"  〒351-0198 埼玉県和光市広沢2番1号"
脳リズム情報処理連携ユニット,https://www.riken.jp/research/labs/cbs/riken_toyota/rhy_brain_inf_process/index.html,複合領域,総合生物,"脳活動計測,脳刺激,非線形神経ダイナミクス","  〒351-0198 埼玉県和光市広沢2番1号"
知能行動制御連携ユニット,https://www.riken.jp/research/labs/cbs/riken_toyota/intell_behav_ctrl/index.html,総合理工,"複合領域,工学","知能ロボットシステム,リハビリテーションシステム","  〒463-0003 愛知県名古屋市守山区下志段味2271-130 ,Tel: 052-736-5861 ,Fax: 052-736-5862,Email: shingo.shimoda@riken.jp "
社会価値意思決定連携ユニット,https://www.riken.jp/research/labs/cbs/riken_toyota/soc_val_decision_making_collab/index.html,総合生物,"情報学,複合領域,総合人文社会,社会科学,神経科学,心理学,脳科学","意思決定,社会的ネットワーク,採餌理論,行動経済学,信頼","  〒351-0198 埼玉県和光市広沢2-1 脳科学東研究棟 ,Tel: 048-462-1111 ,Fax: 048-467-6859,Email: rei.akaishi@riken.jp  "
理研CBS－花王連携センター,https://www.riken.jp/research/labs/cbs/riken_kao/index.html,,,"神経回路操作,意思決定,情動と恐怖,社会的闘争と階層,神経細胞イメージング","   〒351-0198 埼玉県和光市広沢2-1,Email: hitoshi@brain.riken.jp  "
機能開発研究グループ,https://www.riken.jp/research/labs/csrs/gene_discov/index.html,生物学,農学,"環境ストレス,バイオマス,逆遺伝学,比較ゲノム科学","  〒305-0074 茨城県つくば市高野台3-1-1 研究棟(第二期) 3階314室"
植物免疫研究グループ,https://www.riken.jp/research/labs/csrs/plant_immun/index.html,生物学,農学,"植物免疫,植物微生物相互作用,ゲノミクス,植物ケミカルバイオロジー,シグナル伝達","  〒230-0045 神奈川県横浜市鶴見区末広町1丁目7番22号 東研究棟 E618"
統合メタボロミクス研究グループ,https://www.riken.jp/research/labs/csrs/metabolom/index.html,総合生物,"化学,生物学,農学,医歯薬学","メタボロミクス,ゲノム機能科学,植物生化学,特異（二次）代謝,質量分析","  〒230-0045 神奈川県横浜市鶴見区末広町1丁目7番22号 中央研究棟 C714 ,Fax: 045-503-9489"
先進機能触媒研究グループ,https://www.riken.jp/research/labs/csrs/adv_catal/index.html,化学,"環境学,総合理工,医歯薬学,有機金属化学,有機合成化学,高分子化学","重合触媒,Ｃ－Ｈ結合の官能基化,窒素の活性化,二酸化炭素の有機合成への有効利用,不斉触媒","  〒351-0198 埼玉県和光市広沢2番1号 物質科学研究棟 S608 "
触媒・融合研究グループ,https://www.riken.jp/research/labs/csrs/catal_integr_res/index.html,化学,"総合生物,医歯薬学","生物活性分子,触媒反応,含フッ素化合物","  〒351-0198 埼玉県和光市広沢2番1号 物質科学研究棟 S601 "
ケミカルバイオロジー研究グループ,https://www.riken.jp/research/labs/csrs/chem_biol/index.html,複合領域,"総合理工,生物学","ケミカルバイオロジー,天然化合物バンク,化学生物情報学,生理活性物質探索,相互作用解析","   〒351-0198 埼玉県和光市広沢2番1号 ケミカルバイオロジー研究棟 ,Tel: 048-467-9541 ,Fax: 048-462-4669 "
ケミカルゲノミクス研究グループ,https://www.riken.jp/research/labs/csrs/chem_genom/index.html,生物学,化学,"ケミカルバイオロジー,エピジェネティクス,作用機作,遺伝子発現制御,創薬スクリーニング","  〒351-0198 埼玉県和光市広沢2番1号 ,Tel: 048-467-9516 ,Fax: 048-462-4676"
合成ゲノミクス研究グループ,https://www.riken.jp/research/labs/csrs/synth_gen/index.html,生物学,"化学,農学","植物バイオマス,植物ゲノム,環境応答","  〒230-0045 神奈川県横浜市鶴見区末広町1-7-22 東研究棟 8階E820室"
代謝システム研究チーム,https://www.riken.jp/research/labs/csrs/metab_system/index.html,総合生物,"生物学,農学","代謝,メタボロミクス,数理モデリング,植物,二次代謝産物","  〒230-0045 神奈川県横浜市鶴見区末広町1丁目7番22号 中央研究棟 C619"
メタボローム情報研究チーム,https://www.riken.jp/research/labs/csrs/metabolom_inf/index.html,複合領域,総合生物,"ゲノム,データベース,メタボローム,アルゴリズム","  〒230-0045 神奈川県横浜市鶴見区末広町1丁目7番22号"
環境代謝分析研究チーム,https://www.riken.jp/research/labs/csrs/env_metab/index.html,複合領域,"化学,農学,情報学,環境学,総合理工,数物系科学,総合生物,生命・健康・医療情報学,環境動態解析,水圏生命科学","環境分析,データサイエンス,磁気共鳴,共生,恒常性","  〒230-0045 神奈川県横浜市鶴見区末広町1-7-22 ,Tel: 045-503-7549"
植物ゲノム発現研究チーム,https://www.riken.jp/research/labs/csrs/plant_genom_net/index.html,生物学,"総合生物,農学","植物ゲノム発現制御,環境ストレス適応,キャッサバ,エピジェネティック制御,RNA制御","  〒230-0045 神奈川県横浜市鶴見区末広町1丁目7番22号 東研究棟 E818 ,Tel: 045-503-9587, 045-503-9622(PHS) ,Fax: 045-503-9584"
細胞機能研究チーム,https://www.riken.jp/research/labs/csrs/cell_funct/index.html,生物学,農学,"細胞増殖,細胞分化,細胞脱分化,分化全能性,再生","  〒230-0045 神奈川県横浜市鶴見区末広町1丁目7番22号 東研究棟 E612 ,Tel: 045-503-9575 ,Fax: 045-503-9591"
植物共生研究チーム,https://www.riken.jp/research/labs/csrs/plant_symb/index.html,生物学,農学,"植物微生物相互作用・共生,生物間相互作用","  〒230-0045 神奈川県横浜市鶴見区末広町1-7-22 ,Tel: 045-503-9493 ,Fax: 045-503-9492"
機能有機合成化学研究チーム,https://www.riken.jp/research/labs/csrs/adv_org_synth_res/index.html,化学,"複合領域,工学","有機合成化学,普遍金属触媒,機能性分子,炭素水素結合活性化","  〒351-0198 埼玉県和光市広沢2-1 生物科学研究棟 N211"
グリーンナノ触媒研究チーム,https://www.riken.jp/research/labs/csrs/green_nanocatal/index.html,化学,"複合領域,総合理工,工学,医歯薬学","高分子金属触媒,担持触媒,高活性・高再利用性触媒,グリーンサステイナブル化学,光触媒","  〒351-0198 埼玉県和光市広沢2番1号 物質科学研究棟 ,Tel: 048-467-9404 ,Fax: 048-467-1423"
生体機能触媒研究チーム,https://www.riken.jp/research/labs/csrs/biofunct_catal/index.html,化学,"環境学,生物学","太陽エネルギー利用,沿岸域生態系の環境診断技術,海底発電,微生物の代謝計測ならびに制御","  〒351-0198 埼玉県和光市広沢2番1号 環境資源科学研究棟S103"
分子リガンド標的研究チーム,https://www.riken.jp/research/labs/csrs/mol_ligand_targ/index.html,生物学,医歯薬学,"ケミカルゲノミクス,標的同定,酵母","   〒351-0198 埼玉県和光市広沢2番1号 環境資源科学研究棟 N202 "
バイオ生産情報研究チーム,https://www.riken.jp/research/labs/csrs/cell_prod/index.html,生物学,"情報学,農学","ゲノム,バイオインフォマティクス,植物バイオマスの増産,草本植物,ゲノムの倍数性","   〒230-0045 神奈川県横浜市鶴見区末広町1-7-22 E714 ,Fax: 045-503-9182 "
バイオ高分子研究チーム,https://www.riken.jp/research/labs/csrs/enzyme/index.html,工学,"化学,総合生物,農学","ポリペプチド,構造タンパク質,酵素重合,海洋性光合成細菌,オルガネラ工学","  〒351-0198　埼玉県和光市広沢2-1"
バイオプラスチック研究チーム,https://www.riken.jp/research/labs/csrs/bioplastic/index.html,化学,"工学,高分子化学,グリーン・環境化学","バイオプラスチック,高分子合成,バイオマス資源,高分子・繊維材料","  〒351-0198 埼玉県和光市広沢2-1 研究本館 6階601号室 ,Tel: 048-467-9394"
細胞生産研究チーム,https://www.riken.jp/research/labs/csrs/cell_fact/index.html,工学,"化学,生物学","バイオプロダクション,バイオリファイナリー,合成生物工学","  〒230-0045 神奈川県横浜市鶴見区末広町1-7-22 東研究棟 8階E804室"
分子生命制御研究チーム,https://www.riken.jp/research/labs/csrs/mol_bioreg/index.html,化学,"複合領域,総合生物,生物学,農学","有機化学,植物科学,ケミカルバイオロジー","  〒351-0198 埼玉県和光市広沢2-1 生物科学研究棟 N401"
植物脂質研究チーム,https://www.riken.jp/research/labs/csrs/plant_lipid_res/index.html,生物学,"工学,農学,環境学,植物分子・生理科学,分子生物学,細胞生物学","植物脂質代謝,植物脂質シグナリング,植物成長調節,機能リピドミクス,代謝工学","  〒230-0045 神奈川県横浜市鶴見区末広町1-7-22 東研究棟E714"
適応制御研究ユニット,https://www.riken.jp/research/labs/csrs/dorm_adapt/index.html,生物学,農学,"植物ホルモン,種子発芽,種子休眠,ストレス応答,輸送体","  〒230-0045 神奈川県横浜市鶴見区末広町1丁目7番22号 中央研究棟 C614"
環境応答研究ユニット,https://www.riken.jp/research/labs/csrs/reg_net/index.html,生物学,"環境学,農学","カリウム,セシウム,輸送体とイオンチャネル,非生物ストレスへの耐性,ファイトレメディエーション","  〒230-0045 神奈川県横浜市鶴見区末広町1丁目7番22号 中央研究棟 C604"
天然物生合成研究ユニット,https://www.riken.jp/research/labs/csrs/nat_prod_biosynth/index.html,複合領域,"総合理工,総合生物","天然化合物生合成,微生物,未利用遺伝子資源活用,遺伝子発現制御,生合成プラットフォーム","  〒351-0198 埼玉県和光市広沢2番1号 ケミカルバイオロジー研究棟 403 ,Tel: 048-467-4044 ,Fax: 043-462-1353"
理研-KRIBB連携研究ユニット,https://www.riken.jp/research/labs/csrs/riken_kribb/index.html,複合領域,"総合理工,総合生物","微生物,天然化合物の単離,生物活性物質の評価,生合成","   〒351-0198 埼玉県和光市広沢2-1 ケミカルバイオロジー研究棟"
創薬・医療技術基盤連携部門,https://www.riken.jp/research/labs/csrs/drug_discov/index.html,生物学,化学,"ケミカルバイオロジー,エピジェネティクス,作用機作,遺伝子発現制御,創薬スクリーニング","  〒351-0198 埼玉県和光市広沢2番1号 ,Tel: O48-467-9516 ,Fax: 048-462-4676"
創薬ケミカルバンク基盤ユニット,https://www.riken.jp/research/labs/csrs/drug_discov/chem_bank/index.html,医歯薬学,"情報学,総合生物","ケミカルバイオロジー,天然化合物バンク,化学生物情報学,化合物ライブラリー","  〒351-0198 埼玉県和光市広沢2番1号 ケミカルバイオロジー研究棟"
創薬シード化合物探索基盤ユニット,https://www.riken.jp/research/labs/csrs/drug_discov/seed_compds/index.html,化学,生物学,"ケミカルバイオロジー,エピジェネティクス,作用機作,遺伝子発現制御,創薬スクリーニング","  〒351-0198 埼玉県和光市広沢2番1号"
創薬化学基盤ユニット,https://www.riken.jp/research/labs/csrs/drug_discov/drug_discov_chem/index.html,化学,医歯薬学,"新薬開発,創薬化学,体内動態最適化","  〒351-0198 埼玉県和光市広沢2-1 研究本館628号室"
技術基盤部門,https://www.riken.jp/research/labs/csrs/tech_plat/index.html,複合領域,"総合理工,総合生物","ケミカルバイオロジー,天然化合物バンク,構造解析,相互作用解析","   交通アクセス"
分子構造解析ユニット,https://www.riken.jp/research/labs/csrs/tech_plat/mol_struct_char/index.html,化学,"総合理工,農学,医歯薬学","機器分析,核磁気共鳴,構造解析,質量分析,ケミカルバイオロジー","   〒351-0198 埼玉県和光市広沢2-1 ケミカルバイオロジー研究棟308室 ,Tel: 048-467-9361 ,Fax: 048-462-1640 "
生命分子解析ユニット,https://www.riken.jp/research/labs/csrs/tech_plat/biomol_char/index.html,生物学,"環境学,化学,総合生物,農学,医歯薬学","翻訳後修飾,プロテオミクス,質量分析,エピゲノミクス,構造解析","   〒351-0198 埼玉県和光市広沢2-1 生物科学研究棟 交通アクセス,Email: dohmae@riken.jp"
質量分析・顕微鏡解析ユニット,https://www.riken.jp/research/labs/csrs/tech_plat/mass_spec_microscopy/index.html,総合生物,"化学,生物学,農学,医歯薬学","メタボロミクス,植物ホルモン,質量分析,顕微鏡","   〒230-0045 神奈川県横浜市鶴見区末広町1-7-22,Email: masami.hirai@riken.jp  "
化合物リソース開発研究ユニット,https://www.riken.jp/research/labs/csrs/tech_plat/chem_resour_dev/index.html,複合領域,"情報学,総合生物,農学,医歯薬学","ケミカルバイオロジー,天然化合物バンク,化学生物情報学,化合物ライブラリー","   〒351-0198 埼玉県和光市広沢2-1 ケミカルバイオロジー研究棟 ,Tel: 048-467-4839 ,Fax: 048-462-1353 "
理研-マックスプランク連携研究部門,https://www.riken.jp/research/labs/csrs/riken_max_planck/index.html,複合領域,"総合理工,総合生物","ケミカルバイオロジー,天然化合物バンク,相互作用解析","   〒351-0198 埼玉県和光市広沢2-1 ケミカルバイオロジー研究棟 "
バイオプローブ研究グループ,https://www.riken.jp/research/labs/csrs/riken_max_planck/bioprobe_res/index.html,複合領域,"総合理工,総合生物","ケミカルバイオロジー,天然化合物バンク,相互作用解析","   〒351-0198 埼玉県和光市広沢2-1 ケミカルバイオロジー研究棟 "
バイオプローブ応用研究ユニット,https://www.riken.jp/research/labs/csrs/riken_max_planck/bioprobe_app/index.html,複合領域,"化学,総合生物,生物学","細胞周期,タンパク質リン酸化,がん,タンパク質間相互作用,小分子化合物","   〒351-0198 埼玉県和光市広沢2-1 ケミカルバイオロジー研究棟 "
強相関物性研究グループ,https://www.riken.jp/research/labs/cems/str_correl_phys/index.html,数物系科学,"総合理工,化学","強相関電子系,巨大磁気抵抗,高温超伝導体,マルチフェロイクス,トポロジカル絶縁体","  〒351-0198 埼玉県和光市広沢2-1 フロンティア中央研究棟,Email: tokura@riken.jp  "
強相関理論研究グループ,https://www.riken.jp/research/labs/cems/str_correl_theor/index.html,数物系科学,総合理工,"固体電子,スピントロニクス,超伝導,熱輸送","  〒351-0198　埼玉県和光市広沢2-1 フロンティア中央研究棟,Email: nagaosa@riken.jp  "
強相関界面研究グループ,https://www.riken.jp/research/labs/cems/str_correl_interface/index.html,総合理工,数物系科学,"酸化物エレクトロニクス,トポロジカルエレクトロニクス,界面工学,量子輸送現象,界面と超格子","  〒351-0198　埼玉県和光市広沢2-1 フロンティア中央研究棟 308 ,Tel: 048-467-9604,Email: m.kawasaki@riken.jp  "
強相関物質研究グループ,https://www.riken.jp/research/labs/cems/str_correl_mater/index.html,数物系科学,"総合理工,工学","磁性,マルチフェロイクス,スキルミオン,熱電材料,超伝導","  〒351-0198 埼玉県和光市広沢2-1フロンティア中央研究棟,Email: y-taguchi@riken.jp  "
強相関量子伝導研究チーム,https://www.riken.jp/research/labs/cems/str_correl_qtm_transp/index.html,数物系科学,"総合理工,工学","強相関電子系,巨大磁気抵抗,高温超伝導体,マルチフェロイクス,トポロジカル絶縁体","  〒351-0198　埼玉県和光市広沢2-1 フロンティア中央研究棟,Email: tokura@riken.jp  "
強相関量子構造研究チーム,https://www.riken.jp/research/labs/cems/str_correl_qtm_struct/index.html,数物系科学,総合理工,"X線,中性子,光物性,磁性強誘電体","  〒351-0198　埼玉県和光市広沢2-1,Email: takahisa.arima@riken.jp  "
創発物性計測研究チーム,https://www.riken.jp/research/labs/cems/emerg_phenom_meas/index.html,数物系科学,総合理工,"超伝導,トポロジカル量子現象,走査型プローブ顕微鏡","  〒351-0198 埼玉県和光市広沢2-1 物質科学研究棟 S406室,Email: hanaguri@riken.jp  "
量子物性理論研究チーム,https://www.riken.jp/research/labs/cems/qtm_matter_theor/index.html,数物系科学,総合理工,"物性理論,量子輸送現象,磁性,超伝導","  〒351-0198　埼玉県和光市広沢2-1 研究本館3階,Email: furusaki@riken.jp  "
計算量子物性研究チーム,https://www.riken.jp/research/labs/cems/comput_qtm_matter/index.html,数物系科学,総合理工,"強相関量子系,遷移金属酸化物,量子ダイナミックス","  〒351-0198　埼玉県和光市広沢2-1,Email: yunoki@riken.jp  "
計算物質科学研究チーム,https://www.riken.jp/research/labs/cems/first_prin_mater/index.html,数物系科学,総合理工,"第一原理計算,超伝導,磁性,強相関電子系","   〒351-0198 埼玉県和光市広沢2-1 フロンティア中央棟307,Email: arita@riken.jp  "
電子状態スペクトロスコピー研究チーム,https://www.riken.jp/research/labs/cems/electron_states_spectro/index.html,数物系科学,総合理工,"光電子分光,超高速時間分解電子顕微鏡,ナノ磁性,超伝導,強相関電子系"," 〒351-0198 埼玉県和光市広沢2-1フロンティア中央研究棟 304-1,Tel: 048-467-4492,Fax: 048-462-1687,Email: kyoko.ishizaka@riken.jp"
強相関スピン研究チーム,https://www.riken.jp/research/labs/cems/str_correl_spin/index.html,数物系科学,総合理工,"強相関電子系,超伝導,磁性,中性子散乱","   〒351-0198 埼玉県和光市広沢2-1 フロンティア中央研究棟,Email: hazuki.furukawa@riken.jp  "
電子状態マイクロスコピー研究チーム,https://www.riken.jp/research/labs/cems/electron_states_microscopy/index.html,数物系科学,"複合領域,工学","磁気スキルミオン,マイクロスコピー,原子レベルでの電子状態の解析,微細加工,スピントロニクス","  〒351-0198 埼玉県和光市広沢2-1   ,Email: yu_x@riken.jp"
創発光物性研究チーム,https://www.riken.jp/research/labs/cems/emerg_photodyn/index.html,数物系科学,"工学,総合理工",光物性,"   〒351-0198 埼玉県和光市広沢2-1 フロンティア中央研究棟,Email: naoki.ogawa@riken.jp  "
創発ソフトマター機能研究グループ,https://www.riken.jp/research/labs/cems/emerg_soft_matter_funct/index.html,化学,工学,"ソフトマテリアル,自己組織化,エネルギー変換","  〒351-0198　埼玉県和光市広沢2-1 フロンティア材料科学実験棟 106号室,Email: takuzo.aida@riken.jp  "
創発分子機能研究チーム,https://www.riken.jp/research/labs/cems/emerg_mol_funct/index.html,化学,工学,"有機半導体,有機トランジスタ,有機薄膜太陽電池,超分子化学","   〒351-0198 埼玉県和光市広沢2-1 研究本館 504,Email: takimiya@riken.jp  "
創発生体関連ソフトマター研究チーム,https://www.riken.jp/research/labs/cems/emerg_bioinsp_soft_matter/index.html,化学,,"自己組織化,生体模倣,ソフトマテリアル,刺激応答性材料,環境低負荷材料","  〒351-0198 埼玉県和光市広沢2-1 フロンティア材料科学実験棟 106号室 ,Tel: 048-462-1111（内線 6351） ,Fax: 048-467-8214,Email: y-ishida@riken.jp  "
創発デバイス研究チーム,https://www.riken.jp/research/labs/cems/emerg_device/index.html,数物系科学,"総合理工,化学,工学","電気二重層トランジスタ,二次元物質,コロイド量子ドット,熱電材料,超伝導","  〒351-0198 埼玉県和光市広沢2-1 ,Tel: 048-467-8083,Email: iwasay@riken.jp  "
創発ソフトシステム研究チーム,https://www.riken.jp/research/labs/cems/emerg_soft_matter_struct/index.html,工学,化学,"有機エレクトロニクス,フレキシブルエレクトロニクス","  〒351-0198 埼玉県和光市広沢2-1 研究交流棟W405,Email: takao.someya@riken.jp  "
創発機能高分子研究チーム,https://www.riken.jp/research/labs/cems/emerg_funct_polym/index.html,化学,工学,"有機薄膜太陽電池,有機半導体高分子,薄膜,ナノ構造,界面科学","  〒351-0198 埼玉県和光市広沢2-1 物質科学研究棟 N301-1,Email: keisuke.tajima@riken.jp  "
創発生体工学材料研究チーム,https://www.riken.jp/research/labs/cems/emerg_bioeng_mater/index.html,工学,"複合領域,化学","人工臓器材料,バイオセンサー,再生医療用材料,バイオチップ,機能性高分子材料","  〒351-0198 埼玉県和光市広沢2-1 研究交流棟 501号室 ,Tel: 048-467-5809 ,Fax: 048-467-9300,Email: y-ito@riken.jp  "
創発超分子材料研究チーム,https://www.riken.jp/research/labs/cems/emerg_supramol_mater/index.html,総合理工,化学,"量子ドット,半導体微粒子,励起状態制御","   〒351-0198 埼玉県和光市広沢2-1 生物科学研究棟 S302 ,Tel: 048-467-9551,Email: yongjin.pu@riken.jp   ‬"
ソフトマター物性研究チーム,https://www.riken.jp/research/labs/cems/phys_soft_matter_unit/index.html,数物系科学,総合理工,"ソフトマター,高分子・液晶・コロイド,機能物性,光学物性,電子物性","  〒351-0198 埼玉県和光市広沢2-1,Email: fumito.araoka@riken.jp  "
物質評価支援チーム,https://www.riken.jp/research/labs/cems/mater_char_support/index.html,化学,"複合領域,総合理工,数物系科学,工学","構造解析,X線回折,電子顕微鏡,化学分析,デバイス構造解析","  〒351-0198 埼玉県和光市広沢2-1,Email: hashi@riken.jp  "
量子機能システム研究グループ,https://www.riken.jp/research/labs/cems/qtm_funct_sys/index.html,数物系科学,"情報学,工学","半導体量子ドット,量子細線,量子計算,トポロジカル量子計算,量子輸送",",Email: tarucha@riken.jp  "
量子凝縮体研究チーム,https://www.riken.jp/research/labs/cems/qtm_condens/index.html,数物系科学,工学,"冷却原子気体,量子情報・測定・制御,情報熱力学,ボース・アインシュタイン凝縮","  〒351-0198　埼玉県和光市広沢2-1"
創発現象観測技術研究チーム,https://www.riken.jp/research/labs/cems/emerg_phenom_obs_tech/index.html,総合理工,工学,"電子線ホログラフィー,電磁場","  埼玉県比企郡鳩山町赤沼2520 日立製作所基礎研究センタ ,Tel: 049-296-7240 ,Fax: 049-296-7247,Email: daisuke.shindo@riken.jp  "
量子ナノ磁性研究チーム,https://www.riken.jp/research/labs/cems/qtm_nanoscale_magn/index.html,数物系科学,"複合領域,工学","スピントロニクス,スピン注入磁化反転,スピンダイナミクス,スピン軌道相互作用,スピンホール効果","  〒351-0198 埼玉県和光市広沢2-1 研究本館 317号室,Email: yotani@riken.jp  "
量子システム理論研究チーム,https://www.riken.jp/research/labs/cems/qtm_sys_theor/index.html,数物系科学,工学,"固体物理学,半導体ナノ構造,量子コンピューティング,トポロジカル量子効果,スピントロニクス","  〒351-0198 埼玉県和光市広沢2-1,Email: loss.daniel@riken.jp  "
スピン物性理論研究チーム,https://www.riken.jp/research/labs/cems/spin_phys_theor/index.html,数物系科学,総合理工,スピントロニクス,"  〒351-0198　埼玉県和光市広沢2-1,Email: gen.tatara@riken.jp "
創発物性科学研究支援チーム,https://www.riken.jp/research/labs/cems/emerg_matter_support/index.html,数物系科学,工学,"微細加工,試料評価,利用者教育,量子デバイス","  〒351-0198 埼玉県和光市広沢2-1 ナノサイエンス実験棟2F ,Tel: 048-467-1343 ,Fax: 048-467-5893,Email: nano-ds@riken.jp  "
量子効果デバイス研究チーム,https://www.riken.jp/research/labs/cems/qtm_eff_device/index.html,複合領域,"数物系科学,工学","量子デバイス,ナノ構造,ナノ加工","  〒351-0198　埼玉県和光市広沢2-1 研究交流棟　W407,Email: kishiba@riken.jp  "
量子電子デバイス研究チーム,https://www.riken.jp/research/labs/cems/qtm_electron_device/index.html,数物系科学,"総合理工,工学","二次元電子系,単一電子制御,ナノデバイス,量子コヒーレンス,量子相関","  〒351-0198 埼玉県和光市広沢2-1,Email: michihisa.yamamoto@riken.jp"
統合物性科学研究プログラム,https://www.riken.jp/research/labs/cems/crossdiv_mater/index.html,総合理工,"数物系科学,化学,工学","強相関電子系,巨大磁気抵抗,高温超伝導体,マルチフェロイクス,トポロジカル絶縁体",
動的創発物性研究ユニット,https://www.riken.jp/research/labs/cems/crossdiv_mater/dyn_emerg_phenom_unit/index.html,数物系科学,"総合理工,工学","金属絶縁体転移,相変化メモリ,走査型プローブ顕微鏡,磁気スキルミオン","   〒351-0198 埼玉県和光市広沢2-1 フロンティア中央棟 209号室,Email: fumitaka.kagawa@riken.jp  "
創発分子集積研究ユニット,https://www.riken.jp/research/labs/cems/crossdiv_mater_mol_assembl_res/index.html,化学,"化学,総合理工,機能物性化学,有機・ハイブリッド材料","自己集合,結晶工学,多孔質材料,表面・界面","  ,Email: hiroshi.sato@riken.jp  "
計算物質機能研究ユニット,https://www.riken.jp/research/labs/cems/crossdiv_mater/comput_mater_funct/index.html,総合理工,,"トポロジカル量子物質,薄膜インターフェイス,熱電効果,第一原理計算,理論デザイン設計","  Room B408 Department of Physics, Tsinghua University, Beijing, 100084, China,Email: yongxu@mail.tsinghua.edu.cn  "
創発分光学研究ユニット,https://www.riken.jp/research/labs/cems/crossdiv_mater/emerg_spectro/index.html,数物系科学,総合理工,"磁性体,マルチフェロイックス,非相反光学現象,テラヘルツ","   〒113-8656 東京都文京区本郷7-3-1 東京大学大学院工学系研究科附属 量子相エレクトロニクス研究センター,Email: youtarou.takahashi@riken.jp  "
創発機能界面研究ユニット,https://www.riken.jp/research/labs/cems/crossdiv_mater/emerg_funct_interface/index.html,総合理工,"数物系科学,化学,工学,薄膜・表面界面物性,物性Ⅱ,デバイス関連化学","薄膜・界面物性,電界効果デバイス,強相関酸化物,2次元物質,ファンデルワールスエピタキシー","  〒113-8656 東京都文京区本郷7-3-1 東京大学工学部8号館313号室 ,Tel:03-5841-6871,Email: mnakano@riken.jp  "
トポロジカル量子物質研究ユニット,https://www.riken.jp/research/labs/cems/crossdiv_mater/topology_qtm_matter/index.html,数物系科学,"総合理工,応用物性,応用物性 I,無機材料・物性","トポロジカル半金属,スキルミオン,フラストレート磁性,熱ホール効果,熱電輸送現象","〒351-0198 埼玉県和光市広沢2-1 フロンティア中央棟 208号室,Tel: 048-462-1111（内線 6115）,Email: maximilian.hirschberger@riken.jp"
トポロジカル材料設計研究ユニット,https://www.riken.jp/research/labs/cems/crossdiv_mater/topology_matter_des/index.html,総合理工,"工学,数物系科学,応用物性,計算科学,薄膜・表面界面物性","第一原理計算,理論物質設計,トポロジカル物質,マヨラナフェルミオン,スピン－軌道相互作用","  〒351-0198 埼玉県和光市広沢2-1 研究本館149 ,Tel: 048-462-1111（内線3168）,Email: motoaki.hirayama@riken.jp  "
超伝導量子エレクトロニクス研究チーム,https://www.riken.jp/research/labs/rqc/superconduct_qtm_electron/index.html,総合理工,数物系科学,"超伝導,量子力学,量子光学,量子情報","  〒351-0198 埼玉県和光市広沢2-1生物科学研究棟（S01）S403号室,Email: yasunobu.nakamura@riken.jp"
超伝導量子シミュレーション研究チーム,https://www.riken.jp/research/labs/rqc/superconduct_qtm_sim/index.html,総合理工,工学,"超伝導,ジョセフソン効果,巨視的量子コヒーレンス,超伝導量子ビット,超伝導量子情報処理","  〒351-0198 埼玉県和光市広沢2-1 生物科学研究棟 S407 ,Tel: 048-467-4090 ,Fax: 048-462-4622,Email: tsai@riken.jp  "
超伝導量子エレクトロニクス連携研究ユニット,https://www.riken.jp/research/labs/rqc/superconduct_qtm_electron_joint/index.html,数物系科学,"総合理工,工学,物理学,応用物理学,電気電子工学","超伝導回路,量子コンピューティング,量子技術,マイクロ波工学,量子もつれ","  〒351-0198 埼玉県和光市広沢2-1 生物科学研究棟(S01) ,Tel: 048-462-1111 (内線5718) ,Fax: 048-462-6847,Email: eisuke.abe@riken.jp  "
超伝導量子計算システム研究ユニット,https://www.riken.jp/research/labs/rqc/superconduct_qtm_comput_sys/index.html,数物系科学,"工学,情報学,総合理工,原子・分子・量子エレクトロニクス,ナノ構造物理,電子デバイス・電子機器","量子コンピュータ,超伝導エレクトロニクス,マイクロ波工学,量子技術","   〒351-0198 埼玉県和光市広沢2-1 生物科学研究棟（S01）,Tel: 048-462-1111（内線3259）,Fax: 048-462-6847,Email: yutaka.tabuchi@riken.jp"
ハイブリッド量子回路研究チーム,https://www.riken.jp/research/labs/rqc/hybrid_qtm_circ/index.html,数物系科学,"総合理工,原子・分子・量子エレクトロニクス","超伝導回路,ハイブリッド量子系,単一電子制御,量子光学,量子情報","  〒351-0198 埼玉県和光市広沢2-1 S01棟S403号室,Email: atsushi.noguchi@riken.jp "
光量子計算研究チーム,https://www.riken.jp/research/labs/rqc/opt_qtm_comput_res/index.html,数物系科学,"工学,情報学,複合領域,総合理工,原子・分子・量子エレクトロニクス","量子情報科学,量子光学","  〒351-0198　埼玉県和光市広沢2-1,Email: akira.furusawa@riken.jp"
量子多体ダイナミクス研究ユニット,https://www.riken.jp/research/labs/rqc/qtm_mbody_dyn/index.html,総合理工,工学,"量子情報,量子シミュレーション,量子ダイナミクス,冷却原子,光格子","  〒351-0198 埼玉県和光市広沢2-1 レーザー研究棟,Email: takeshi.fukuhara@riken.jp  "
浮揚電子量子情報理研白眉研究チーム,https://www.riken.jp/research/labs/rqc/floatelectron_based_qtm_inf_riken_hakubi/index.html,工学,"総合理工,数物系科学,応用物理学,ナノ・マイクロ科学,電気電子工学","低温物理,量子コンピュータ,量子ビット,2次元電子系,ヘリウム","  ,Email: erika.kawakami@riken.jp"
半導体量子情報デバイス研究チーム,https://www.riken.jp/research/labs/rqc/semiconductor_qtm_inf_device/index.html,工学,"総合理工,数物系科学,物性I ,ナノ構造物理,計算科学","量子コンピュータ,量子ビット,量子ドット,量子デバイス,スピン制御","  〒351-0198 埼玉県和光市広沢2-1 本館,Email: tarucha@riken.jp  "
半導体量子情報デバイス理論研究チーム,https://www.riken.jp/research/labs/rqc/semiconductor_qtm_inf_device_theor/index.html,数物系科学,"工学,物性I,Condensed Matter Physics I","量子ドット,スピンを用いた量子情報処理,量子ビット,スピン-軌道相互作用,量子情報処理","  〒351-0198 埼玉県和光市広沢2-1 研究本館148,Email: loss.daniel@riken.jp"
量子計算理論研究チーム,https://www.riken.jp/research/labs/rqc/qtm_comput_theor/index.html,数物系科学,"情報学,原子・分子・量子エレクトロニクス,情報学基礎理論,数理物理・物性基礎 ","量子コンピューティング,量子情報科学,量子機械学習,量子多体系","  〒351-0198 埼玉県和光市広沢2-1 生物科学研究棟(S01),Email: keisuke.fujii.ay@riken.jp  "
量子情報物理理論研究チーム,https://www.riken.jp/research/labs/rqc/qtm_inf_phys_theor_res/index.html,数物系科学,"工学,情報学,複合領域,総合理工,量子物理学、量子光学、量子エレクトロニクス,量子情報処理及び量子コンピューティング,組み合わせ最適化と量子コンピューティング、AI、機械学習のためのソフトウェア","量子物理学、量子光学,量子情報処理と量子コンピューティング,人工知能、マシンラーニング,量子物理学のためのソフトウェア,超伝導キュ-ビット"," 埼玉県和光市広沢2-1研究本館323-325号室,Tel:048-467-9681,Fax:048-467-9650,Email: fnori@riken.jp"
量子計算科学研究チーム,https://www.riken.jp/research/labs/rqc/qtm_comput_sci_res/index.html,数物系科学,"情報学,総合理工,計算科学,数理物理・物性基礎,高性能計算","量子多体系,量子ダイナミックス,量子情報物理,テンソルネットワーク,量子エンタングルメント","  〒351-0198　埼玉県和光市広沢2-1,Email: yunoki@riken.jp"
理研RQC-富士通連携センター,https://www.riken.jp/research/labs/rqc/riken_fujitsu/index.html,総合理工,"工学,情報学,数物系科学,原子・分子・量子エレクトロニクス","量子情報処理,量子力学,量子コンピュータ,超伝導","  〒351-0198 埼玉県和光市広沢2-1生物科学研究棟（S01）S403号室,Email: yasunobu.nakamura@riken.jp"
アト秒科学研究チーム,https://www.riken.jp/research/labs/rap/attosec_sci/index.html,総合理工,"複合領域,工学","アト秒科学,超短パルスレーザー,高強度レーザー科学,レーザー加工,多光子顕微鏡","  〒351-0198　埼玉県和光市広沢2-1,Email: wtakiko@riken.jp  "
超高速分子計測研究チーム,https://www.riken.jp/research/labs/rap/ultrafast_spectro/index.html,化学,"数物系科学,生物学,物理化学,生物物理・化学物理・ソフトマターの物理,生物物理学","超高速分光,非線形分光,一分子分光,ダイナミクス,界面","  〒351-0198 埼玉県和光市広沢2-1,Email: tahei@riken.jp  "
時空間エンジニアリング研究チーム,https://www.riken.jp/research/labs/rap/spacetime_eng/index.html,総合理工,工学,"量子エレクトロニクス,原子時計,量子計測,光格子時計,相対論的測地学","  〒351-0198 埼玉県和光市広沢2-1 研究交流棟 W421,Email: hkatori@riken.jp"
量子オプトエレクトロニクス研究チーム,https://www.riken.jp/research/labs/rap/qtm_optoelectron/index.html,総合理工,"数物系科学,化学,工学","光エレクトロニクス,量子デバイス,ナノデバイス,カーボンナノチューブ,フォトニック結晶","   〒351-0198 埼玉県和光市広沢2-1 研究本館420号室 ,Tel: 048-462-1449,Email: katogp-info@ml.riken.jp  "
生細胞超解像イメージング研究チーム,https://www.riken.jp/research/labs/rap/live_cell_superresolution_img/index.html,総合生物,"複合領域,総合理工,生物学","膜交通,小胞輸送,超解像ライブイメージング,共焦点顕微鏡,細胞小器官","   〒351-0198 埼玉県和光市広沢2-1 生物科学研究棟 S411,Email: nakano@riken.jp  "
生命光学技術研究チーム,https://www.riken.jp/research/labs/rap/biotech_opt/index.html,医歯薬学,"工学,総合生物,生物学","バイオイメージング,蛍光タンパク質,発色団","  〒351-0198 埼玉県和光市広沢2-1,Email: hiroko.sakurai@riken.jp "
画像情報処理研究チーム,https://www.riken.jp/research/labs/rap/img_process/index.html,工学,情報学,"多次元画像処理,多次元イメージング,バイオエンジニアリング,画像解析,医用工学","  〒351-0198　埼玉県和光市広沢2-1,Email: brict@riken.jp  "
フォトン操作機能研究チーム,https://www.riken.jp/research/labs/rap/innov_photon_manipulation/index.html,工学,"複合領域,総合理工","メタマテリアル,プラズモニクス,ナノフォトニクス,応用光学","   〒351-0198 埼玉県和光市広沢2-1 研究交流棟 ,Tel: 048-467-9341 ,Fax: 048-467-9441,Email: t-tanaka@riken.jp  "
先端レーザー加工研究チーム,https://www.riken.jp/research/labs/rap/adv_laser_process/index.html,工学,"複合領域,総合理工,量子ビーム科学,光工学・光量子科学,ナノマイクロシステム ","レーザー加工,マイクロ・ナノ加工,3次元加工,バイオチップ,超短パルスレーザー","  〒351-0198 埼玉県和光市広沢2−1 研究交流棟,Email: ksugioka@riken.jp  "
テラヘルツイメージング研究チーム,https://www.riken.jp/research/labs/rap/thz_sens_imag/index.html,総合理工,"化学,工学","テラヘルツ科学,テラヘルツ分光,テラヘルツイメージング,テラヘルツ物性制御,超伝導検出器","  〒980-0845 宮城県仙台市青葉区荒巻字青葉519-1399"
テラヘルツ光源研究チーム,https://www.riken.jp/research/labs/rap/teraphoton/index.html,工学,総合理工,"高出力テラヘルツ波光源開発,高感度テラヘルツ波検出,テラヘルツ波応用,非破壊検査応用,非線形光学","  〒980-0845 宮城県仙台市青葉区荒巻字青葉519-1399"
テラヘルツ量子素子研究チーム,https://www.riken.jp/research/labs/rap/thz_qtm_device/index.html,工学,総合理工,"テラヘルツ,量子素子カスケードレーザー,サブバンド間遷移発光,窒化物半導体,結晶成長","  〒980-0845 仙台市青葉区荒巻字青葉519-1399 テラヘルツ光研究棟 304 ,Tel: 022-228-2035 ,Fax: 022-228-2017,Email: hirayama@riken.jp  "
光量子制御技術開発チーム,https://www.riken.jp/research/labs/rap/photon_ctrl/index.html,工学,"数物系科学,生物学,農学,医歯薬学","素粒子制御・計測,医療・農業計測,微量ガス計測,自然エネルギー利用,宇宙利用","  〒351-0198　埼玉県和光市広沢2-1レーザー研究棟 119,Email: swada@riken.jp  "
先端光学素子開発チーム,https://www.riken.jp/research/labs/rap/ultrahigh_precis_opt/index.html,総合生物,総合理工,"超精密加工,超精密計測,非球面光学素子,生産技術,中性子光学素子","  〒351-0198 埼玉県和光市広沢2-1,Email: yamagata@riken.jp  "
中性子ビーム技術開発チーム,https://www.riken.jp/research/labs/rap/neutr_beam/index.html,総合理工,"複合領域,工学","加速器小型中性子源システム,非破壊観察システム,金属材料組織観察,インフラ非破壊観察技術開発,コンクリート内部塩分検出（即発γ線による）","  〒351-0198 埼玉県和光市広沢2-1 中性子工学施設,Email: yotake@riken.jp"
技術基盤支援チーム,https://www.riken.jp/research/labs/rap/adv_manuf_support/index.html,工学,総合理工,"超精密加工,超精密計測,非球面光学素子,生産技術,中性子光学素子","  〒351-0198　埼玉県和光市広沢2-1,Email: yamagata@riken.jp  "
量子ハドロン物理学研究室,https://www.riken.jp/research/labs/rnc/qtm_had_phys/index.html,数物系科学,,"クォーク,中性子星,ハドロン,クォークグルーオンプラズマ","   〒351-0198 埼玉県和光市広沢2-1   ,Email: advanced_meson@riken.jp"
ストレンジネス核物理研究室,https://www.riken.jp/research/labs/rnc/strang_nucl_phys/index.html,数物系科学,,"原子核,ハドロン,少数多体問題","   〒351-0198 埼玉県和光市広沢2-1,Email: hiyama@riken.jp  "
放射線研究室,https://www.riken.jp/research/labs/rnc/rad/index.html,数物系科学,,"ハドロン物理学,カイラル対称性,核子構造,クォークグルーオンプラズマ","   〒351-0198 埼玉県和光市広沢2-1,Email: enyo@riken.jp  "
中間子科学研究室,https://www.riken.jp/research/labs/rnc/adv_mes/index.html,総合理工,複合領域,"中間子,ミュオン,ハドロン,質量","  〒351-0198 埼玉県和光市広沢2-1,Email: advanced_meson@riken.jp  "
RI物理研究室,https://www.riken.jp/research/labs/rnc/rad_isot/index.html,数物系科学,総合理工,"不安定核ビーム,エキゾチック原子核,ガンマ分光,重イオン反応","  〒351-0198 埼玉県和光市広沢2-1 仁科RIBF棟,Email: sakurai@ribf.riken.jp  "
スピン・アイソスピン研究室,https://www.riken.jp/research/labs/rnc/spin_isospin/index.html,数物系科学,複合領域,"原子核物理学,放射線計測,イオン光学,動的核偏極,核磁気共鳴","  〒351-0198 埼玉県和光市広沢2-1,Email: uesaka@riken.jp  "
核分光研究室,https://www.riken.jp/research/labs/rnc/nucl_spectro/index.html,数物系科学,総合理工,"実験核物理,加速器実験,ＲＩビーム,放射線計測,核スピン偏極","   〒351-0198 埼玉県和光市広沢2-1 仁科RIBF棟 315号室 ,Email: ueno@riken.jp  "
高エネルギー宇宙物理研究室,https://www.riken.jp/research/labs/rnc/high_ener_astro/index.html,数物系科学,工学,"宇宙における元素の合成,革新的なX線観測装置の開発,粒子加速機構,強磁場および強重力場中の物理","  〒351-0198 埼玉県和光市広沢2-1 仁科RIBF棟,Email: tamagawa@riken.jp  "
加速器基盤研究部,https://www.riken.jp/research/labs/rnc/accel/index.html,工学,数物系科学,"重イオンビーム,高周波加速,超伝導加速空洞,ラジオアイソトープ,高周波電力増幅器","   〒351-0198 埼玉県和光市広沢2-1 仁科リニアック棟204号室,Email: kamigait@riken.jp  "
加速器高度化チーム,https://www.riken.jp/research/labs/rnc/accel/rnd/index.html,工学,,"超伝導,荷電変換装置,液体ヘリウム,サイクロトロン,核変換","   〒351-0198 埼玉県和光市広沢2-1,Email: okuno@riken.jp  "
イオン源開発チーム,https://www.riken.jp/research/labs/rnc/accel/ion_src/index.html,工学,数物系科学,"イオン源,重イオン,電子サイクロトロン共鳴","   〒351-0198 埼玉県和光市広沢2-1,Email: nakagawa@riken.jp  "
リニアックチーム,https://www.riken.jp/research/labs/rnc/accel/rilac/index.html,総合理工,"数物系科学,量子ビーム科学,素粒子・原子核・宇宙線・宇宙物理,機械力学・制御","重イオンビーム,高周波加速,超伝導加速空洞,ラジオアイソトープ,高真空機器","   〒351-0198 埼玉県和光市広沢2-1 仁科リニアック棟204号室,Email: kamigait@riken.jp  "
サイクロトロンチーム,https://www.riken.jp/research/labs/rnc/accel/cyclo/index.html,総合理工,,"サイクロトロン,高周波,偏極重陽子","   〒351-0198 埼玉県和光市広沢2-1,Email: nsakamot@ribf.riken.jp  "
運転技術チーム,https://www.riken.jp/research/labs/rnc/accel/beam_dyn_diagn/index.html,総合理工,数物系科学,"サイクロトロン,ビーム動力学,量子ビーム測定手法,加速器制御,量子ビーム産業応用","   〒351-0198 埼玉県和光市広沢2-1,Email: fukunisi@ribf.riken.jp  "
低温技術チーム,https://www.riken.jp/research/labs/rnc/accel/cryogen/index.html,工学,,"超伝導,荷電変換装置,液体ヘリウム,サイクロトロン,核変換","   〒351-0198 埼玉県和光市広沢2-1,Email: okuno@riken.jp  "
加速器施設業務チーム,https://www.riken.jp/research/labs/rnc/accel/infrastruct/index.html,工学,"総合理工,機械工学,土木工学,量子ビーム科学","加速器土木工学,機械設計,真空技術,電気設備,省エネルギー","    ,Email: kidera@riken.jp  "
超重元素研究開発部,https://www.riken.jp/research/labs/rnc/superhvy_elem/index.html,数物系科学,"総合理工,化学","超重元素探索,原子核実験,加速器実験,放射化学,検出器開発","   〒351-0198 埼玉県和光市広沢2-1,Email: morita@ribf.riken.jp  "
超重元素合成研究チーム,https://www.riken.jp/research/labs/rnc/superhvy_elem/superhvy_elem_prod/index.html,数物系科学,"総合理工,化学,素粒子・原子核・宇宙線・宇宙物理,無機化学,量子ビーム科学","超重元素,新元素,原子核物理,核化学","  〒351-0198 埼玉県和光市広沢2-1 仁科記念棟,Email: haba@riken.jp  "
超重元素分析装置開発チーム,https://www.riken.jp/research/labs/rnc/superhvy_elem/superhvy_elem_dev/index.html,数物系科学,"総合理工,化学","超重元素探索,原子核実験,加速器実験,放射化学,検出器開発","  〒351-0198 埼玉県和光市広沢2-1 仁科RIBF棟,Email: morimoto@riken.jp  "
