名前,研究部署,役職,学位,専門分野,研究室Web
"相澤 彰子","
				コンテンツ科学研究系",,,,
"合田 憲人","
				アーキテクチャ科学研究系",,,,
"相原 健郎","
				コンテンツ科学研究系",,,,
"青木 俊介","
				アーキテクチャ科学研究系",,,,
"安達 淳","
				アーキテクチャ科学研究系",,,,
"阿部 俊二","
				アーキテクチャ科学研究系",,,,
"新井 紀子","
				情報社会相関研究系",,,,
"安東 遼一","
				コンテンツ科学研究系",,,,
"アンドレス フレデリック","
				コンテンツ科学研究系",,,,
"五十嵐 歩美","
				情報学プリンシプル研究系",,,,
"池畑 諭","
				コンテンツ科学研究系",,,,
"石川 冬樹","
				アーキテクチャ科学研究系",,,,
"石川 裕","
				アーキテクチャ科学研究系",,,,
"市瀬 龍太郎","
				情報学プリンシプル研究系",,,,
"稲邑 哲也","
				情報学プリンシプル研究系",,,,
"井上 克巳","
				情報学プリンシプル研究系",,,,
"植木 浩一郎","
				情報社会相関研究系",,,,
"宇野 毅明","
				情報学プリンシプル研究系",,,,
"漆谷 重雄","
				アーキテクチャ科学研究系",,,,
"越前 功","
				情報社会相関研究系",,,,
"大山 敬三","
				コンテンツ科学研究系",,,,
"岡田 仁志","
				情報社会相関研究系",,,,
"片山 紀生","
				コンテンツ科学研究系",,,,
"加藤 弘之","
				アーキテクチャ科学研究系",,,,
"金澤 輝一","
				コンテンツ科学研究系",,,,
"金子 めぐみ","
				アーキテクチャ科学研究系",,,,
"河原林 健一","
				情報学プリンシプル研究系",,,,
"神門 典子","
				情報社会相関研究系",,,,
"岸田 昌子","
				情報学プリンシプル研究系",,,,
"北本 朝展","
				コンテンツ科学研究系",,,,
"栗本 崇","
				アーキテクチャ科学研究系",,,,
"計 宇生","
				アーキテクチャ科学研究系",,,,
"鯉渕 道紘","
				アーキテクチャ科学研究系",,,,
"児玉 和也","
				コンテンツ科学研究系",,,,
"込山 悠介","
				コンテンツ科学研究系",,,,
"五島 正裕","
				アーキテクチャ科学研究系",,,,
"後藤田 洋伸","
				情報社会相関研究系",,,,
"佐藤 一郎","
				情報社会相関研究系",,,,
"佐藤 いまり","
				コンテンツ科学研究系",,,,
"佐藤 健","
				情報学プリンシプル研究系",,,,
"佐藤 真一","
				コンテンツ科学研究系",,,,
"篠崎 資志","
				情報社会相関研究系",,,,
"菅原 朔","
				コンテンツ科学研究系",,,,
"杉本 晃宏","
				コンテンツ科学研究系",,,,
"杉山 麿人","
				情報学プリンシプル研究系",,,,
"関山 太朗","
				アーキテクチャ科学研究系",,,,
"孫 媛","
				情報社会相関研究系",,,,
"高倉 弘喜","
				アーキテクチャ科学研究系",,,,
"高須 淳宏","
				コンテンツ科学研究系",,,,
"高野 明彦","
				コンテンツ科学研究系",,,,
"高山 健志","
				コンテンツ科学研究系",,,,
"武田 英明","
				情報学プリンシプル研究系",,,,
"竹房 あつ子","
				アーキテクチャ科学研究系",,,,
"龍田 真","
				情報学プリンシプル研究系",,,,
"対馬 かなえ","
				アーキテクチャ科学研究系",,,,
"西澤 正己","
				情報社会相関研究系",,,,
"根本 香絵","
				情報学プリンシプル研究系",,,,
"橋爪 宏達","
				アーキテクチャ科学研究系",,,,
"蓮尾 一郎","
				アーキテクチャ科学研究系",,,,
"平原 秀一","
				情報学プリンシプル研究系",,,,
"福田 健介","
				アーキテクチャ科学研究系",,,,
"藤井 海斗","
				情報学プリンシプル研究系",,,,
"船守 美穂","
				情報社会相関研究系",,,,
"古井 貞熙","
				情報社会相関研究系",,,,
"古川 雅子","
				情報社会相関研究系",,,,
"プラナス エマニュエル","
				情報社会相関研究系",,,,
"プレンディンガー ヘルムト","
				コンテンツ科学研究系",,,,
"坊農 真弓","
				情報社会相関研究系",,,,
"松本 啓史","
				情報学プリンシプル研究系",,,,
"水野 貴之","
				情報社会相関研究系",,,,
"孟 洋","
				コンテンツ科学研究系",,,,
"安浦 寛人","
				コンテンツ科学研究系",,,,
"山岸 順一","
				コンテンツ科学研究系",,,,
"山地 一禎","
				コンテンツ科学研究系",,,,
"山田 誠二","
				コンテンツ科学研究系",,,,
"ユ イ","
				コンテンツ科学研究系",,,,
"横井 優","
				情報学プリンシプル研究系",,,,
"吉田 悠一","
				情報学プリンシプル研究系",,,,
"米田 友洋","
				アーキテクチャ科学研究系",,,,
